SeqID,Cate Code
A0A0H2ZMF9,0
A0A0H2ZNH9,0
A0A0H2ZQL5,0
A0MD28,0
A0QNG1,0
A0QQ53,0
A0QWG5,0
A0QWG6,0
A0QXE4,0
A0QZ13,0
A0R066,0
A0R1E8,0
A0R2B1,0
A0R2E6,0
A0R2K8,0
A0R2N3,0
A0R3F9,0
A0R4M9,0
A0R564,0
A0R5M8,0
A0R758,0
A2T3S5,0
C7BKP9,0
E0Y3X1,0
O08333,0
O73556,0
O88037,0
P03363,0
P04584,0
P04936,0
P05962,0
P06210,0
P07564,0
P0C6U9,0
P0C6X8,0
P0DTC1,0
P0DTD1,0
P12451,0
P12823,0
P14337,0
P14340,0
P15833,0
P17757,0
P18042,0
P18096,0
P20876,0
P23069,0
P24107,0
P26660,0
P26661,0
P29990,0
P29991,0
P35963,0
P51517,0
P54741,0
P60281,0
Q03495,0
Q04J43,0
Q0P9C5,0
Q0P9D1,0
Q2JII9,0
Q68749,0
Q74120,0
Q76634,0
Q7NBZ0,0
Q89928,0
Q8B912,0
Q8BB16,0
Q99D35,0
Q99IB8,0
Q9DHD6,0
Q9F7Y9,0
Q9ILI5,0
Q9JGF2,0
Q9L1E4,0
Q9L1K2,0
Q9L1L8,0
Q9QAX1,0
Q9RP48,0
Q9WDA6,0
Q9WJB2,0
Q9WNW0,0
Q9YN02,0
S7ZFK6,0
A0A0B0SG80,0
A0A0H2ZNL3,0
A0QPF9,0
A0QQK1,0
A0QQZ8,0
A0QR01,0
A0QTK3,0
A0QU51,0
A0QVE4,0
A0QWT3,0
A0QYV1,0
A0QZ12,0
A0R043,0
A0R0S4,0
A0R211,0
A0R2V7,0
A0R2W4,0
A0R3C7,0
A0R5Z2,0
A0R611,0
A0R7G2,0
A1WE19,0
A1WHX2,0
A3PFQ4,0
A3PIG2,0
A4IJC6,0
A4IM49,0
A4IT50,0
A4UHQ7,0
A4WNI9,0
A4WRD6,0
A4WU43,0
A6Q115,0
A6Q403,0
A6Q4Z6,0
A9WYQ2,0
B0CGJ6,0
B0CII9,0
B8FS78,0
B8FY55,0
C0RGD9,0
C0RLA4,0
C3LQ49,0
C3LQY0,0
C3LSI7,0
C3LT09,0
C3LT10,0
E0Y3X0,0
O85501,0
O86565,0
O86754,0
P03261,0
P06275,0
P09121,0
P0DW08,0
P13287,0
P26676,0
P52560,0
P68747,0
P89436,0
Q02047,0
Q04KU2,0
Q04LD5,0
Q04LZ5,0
Q05101,0
Q0P7R8,0
Q0P8H7,0
Q0P8I9,0
Q0P8J1,0
Q0P8J6,0
Q0P8J9,0
Q0P9C8,0
Q0P9D3,0
Q21DL5,0
Q21FY5,0
Q21K21,0
Q21KC3,0
Q21KT6,0
Q21NG2,0
Q2JJ30,0
Q2JMN2,0
Q2JPL4,0
Q2M5K2,0
Q31DM2,0
Q31FE7,0
Q31GG8,0
Q31I07,0
Q31IC2,0
Q3IY22,0
Q3J3H0,0
Q3J3Y6,0
Q48BG7,0
Q48H75,0
Q48HZ1,0
Q48KQ0,0
Q48LZ7,0
Q48NU4,0
Q48P39,0
Q67620,0
Q6KZ25,0
Q6KZM5,0
Q6L243,0
Q6TG09,0
Q8CJM2,0
Q8CJX6,0
Q8CK24,0
Q8EVK0,0
Q9ACU1,0
Q9FC99,0
Q9FCA7,0
Q9FSV7,0
Q9K3U0,0
Q9KY04,0
Q9KZZ7,0
Q9L091,0
Q9PM68,0
Q9PP15,0
Q9PPA2,0
Q9QBF1,0
Q9X8L6,0
Q9X8S2,0
Q9Z5B5,0
S7Z800,0
A0A0H2ZM62,0
A0QPD4,0
A0QQK3,0
A0QQK7,0
A0QQL0,0
A0QQV6,0
A0QR54,0
A0QRG5,0
A0QRH1,0
A0QS66,0
A0QSC1,0
A0QSH8,0
A0QSL8,0
A0QSS1,0
A0QSZ0,0
A0QTP6,0
A0QUW3,0
A0QUX7,0
A0QUZ4,0
A0QV16,0
A0QV47,0
A0QVD9,0
A0QVQ5,0
A0QVR9,0
A0QVT0,0
A0QVX5,0
A0QVX9,0
A0QW19,0
A0QW28,0
A0QWT1,0
A0QWW3,0
A0QWX9,0
A0QWY2,0
A0QWZ7,0
A0QX65,0
A0QX70,0
A0QYS8,0
A0QYS9,0
A0QYT0,0
A0R016,0
A0R019,0
A0R024,0
A0R033,0
A0R036,0
A0R048,0
A0R065,0
A0R074,0
A0R075,0
A0R082,0
A0R0B2,0
A0R109,0
A0R112,0
A0R148,0
A0R1H6,0
A0R1W8,0
A0R1Y4,0
A0R213,0
A0R2E1,0
A0R2E2,0
A0R2G5,0
A0R3D7,0
A0R3I7,0
A0R4C9,0
A0R579,0
A0R626,0
A0R628,0
A0R6D9,0
A1WDW4,0
A1WE20,0
A1WEE7,0
A1WEN1,0
A1WF48,0
A1WF49,0
A1WFH2,0
A1WFH8,0
A1WGH3,0
A1WGS0,0
A1WH74,0
A1WH84,0
A1WH89,0
A1WHJ5,0
A1WHP5,0
A1WHU4,0
A1WHW6,0
A1WIC3,0
A1WIL9,0
A1WIS6,0
A1WJJ2,0
A1WJU9,0
A1WJV9,0
A1WK56,0
A1WK92,0
A1WKB4,0
A1WKC0,0
A1WLP8,0
A1WME3,0
A1WMV5,0
A1WMX5,0
A1WMX6,0
A1WN06,0
A1WNY5,0
A1WPR4,0
A1WQM5,0
A1WQN5,0
A1WQP4,0
A1WR98,0
A1WRK3,0
A1WRK8,0
A1WRL1,0
A1WS95,0
A1WSC8,0
A1WSH4,0
A1WSH6,0
A2T3S0,0
A3PFL1,0
A3PG14,0
A3PGF5,0
A3PGI9,0
A3PGJ0,0
A3PGN5,0
A3PGQ2,0
A3PGR9,0
A3PGS6,0
A3PGX5,0
A3PH28,0
A3PH74,0
A3PHR7,0
A3PHS2,0
A3PHS8,0
A3PIG0,0
A3PII0,0
A3PIQ5,0
A3PIY7,0
A3PIZ8,0
A3PJ64,0
A3PJ65,0
A3PJ71,0
A3PJ80,0
A3PJB4,0
A3PJF5,0
A3PJF6,0
A3PJK8,0
A3PJL9,0
A3PJT9,0
A3PJX6,0
A3PJY2,0
A3PJZ3,0
A3PK50,0
A3PK84,0
A3PKR6,0
A3PLD1,0
A3PM22,0
A3PM38,0
A3PMC8,0
A3PMF8,0
A3PML8,0
A3PN50,0
A3PNA9,0
A3PNB5,0
A3PNE9,0
A3PNG0,0
A3PNM3,0
A3PNR8,0
A3PPV7,0
A3PPW0,0
A3PPW5,0
A4IJB8,0
A4IJC2,0
A4IJE6,0
A4IJG0,0
A4IJI2,0
A4IJK9,0
A4IJL4,0
A4IJS4,0
A4IJU4,0
A4IJY4,0
A4IKR6,0
A4IL48,0
A4ILL2,0
A4ILX0,0
A4ILY8,0
A4IM06,0
A4IM63,0
A4IMC5,0
A4IME3,0
A4IMH7,0
A4IMI5,0
A4IN26,0
A4IN28,0
A4IN50,0
A4IN63,0
A4IN84,0
A4IN93,0
A4INY1,0
A4IPN3,0
A4IPN9,0
A4IQ61,0
A4IQ63,0
A4IQ78,0
A4IQD8,0
A4IQG7,0
A4IQI5,0
A4IQR7,0
A4IR72,0
A4IR87,0
A4IRA9,0
A4IRG5,0
A4IRH8,0
A4IRI5,0
A4IRQ6,0
A4IRQ7,0
A4IRT9,0
A4IRZ1,0
A4IS14,0
A4IS22,0
A4IS40,0
A4ISG5,0
A4ISS3,0
A4ITJ9,0
A4ITL0,0
A4ITU1,0
A4WP17,0
A4WPE5,0
A4WQ25,0
A4WQ33,0
A4WQ57,0
A4WQA7,0
A4WQD0,0
A4WQD5,0
A4WQT6,0
A4WRC8,0
A4WRD4,0
A4WRK3,0
A4WRL4,0
A4WRM1,0
A4WRQ2,0
A4WRT7,0
A4WSC5,0
A4WSI3,0
A4WTS8,0
A4WTT2,0
A4WTT8,0
A4WTT9,0
A4WU05,0
A4WU16,0
A4WUH9,0
A4WUI0,0
A4WUJ2,0
A4WVE5,0
A4WVF3,0
A4WVH0,0
A4WVI4,0
A4WVL5,0
A4WVR7,0
A4WVY1,0
A4WW91,0
A4WWI7,0
A4WWJ3,0
A4WWN6,0
A4WWP0,0
A4WWQ0,0
A4WZB3,0
A6Q1C9,0
A6Q1K4,0
A6Q1M4,0
A6Q1Q8,0
A6Q1R7,0
A6Q1S1,0
A6Q1X8,0
A6Q1Z6,0
A6Q1Z8,0
A6Q200,0
A6Q203,0
A6Q218,0
A6Q239,0
A6Q2K0,0
A6Q2R6,0
A6Q2V7,0
A6Q311,0
A6Q322,0
A6Q3K8,0
A6Q3S1,0
A6Q3U3,0
A6Q3Y5,0
A6Q3Y6,0
A6Q478,0
A6Q4N2,0
A6Q4V5,0
A6Q526,0
A6Q531,0
A6Q579,0
A6Q5J0,0
A6Q5K0,0
A6Q5L0,0
A6Q639,0
A8Y9B8,0
A8Y9G0,0
A8Y9G1,0
A8Y9G2,0
A9WW36,0
A9WW74,0
A9WW75,0
A9WWC9,0
A9WWU1,0
A9WWW8,0
A9WYC6,0
A9WYG6,0
A9WYH2,0
A9WYN5,0
A9WYQ7,0
A9WYS0,0
A9WYY2,0
B0CGP5,0
B0CGS4,0
B0CH07,0
B0CH11,0
B0CH40,0
B0CHH2,0
B0CHH8,0
B0CHI7,0
B0CHM0,0
B0CHM3,0
B0CHM8,0
B0CHX9,0
B0CI45,0
B0CI68,0
B0CI82,0
B0CIC6,0
B0CID9,0
B0CIE0,0
B0CIQ3,0
B0CJ32,0
B0CJ51,0
B0CJ70,0
B0CJD1,0
B0CJD4,0
B0CJK5,0
B0CJN2,0
B0CJW1,0
B0CK00,0
B0CK15,0
B0CKC0,0
B0CKX9,0
B0CL06,0
B0CL18,0
B0CL90,0
B0CLA1,0
B0CLA2,0
B0CLF8,0
B0CLJ1,0
B0CLM0,0
B0CLQ0,0
B0CLS9,0
B8FP05,0
B8FQ45,0
B8FQV2,0
B8FR00,0
B8FRS6,0
B8FRS7,0
B8FRT2,0
B8FSB9,0
B8FT56,0
B8FT59,0
B8FTK5,0
B8FTK7,0
B8FTK8,0
B8FTY8,0
B8FUD3,0
B8FUD4,0
B8FWE4,0
B8FWT4,0
B8FWU2,0
B8FWU9,0
B8FXS7,0
B8FY38,0
B8FY51,0
B8FZ68,0
B8FZ69,0
B8FZD1,0
B8FZE5,0
B8G1G5,0
B8G1S3,0
B8G1V8,0
B8G1Y7,0
B8G1Z4,0
B8G2M2,0
B8G2R0,0
B9KXJ0,0
B9KXL1,0
B9KYR9,0
B9KZ44,0
B9L0J2,0
B9L159,0
B9L1J9,0
B9L1L6,0
B9L274,0
B9L2B5,0
B9L505,0
C0RE25,0
C0RE30,0
C0RE38,0
C0RE70,0
C0RE73,0
C0RE78,0
C0REM2,0
C0RES0,0
C0RF67,0
C0RF93,0
C0RFB8,0
C0RFD1,0
C0RFD2,0
C0RFS0,0
C0RFS3,0
C0RFZ1,0
C0RG51,0
C0RG90,0
C0RGK0,0
C0RGM7,0
C0RGP5,0
C0RGR3,0
C0RGX7,0
C0RH46,0
C0RHE3,0
C0RHZ5,0
C0RI23,0
C0RI35,0
C0RIA2,0
C0RIB2,0
C0RIB3,0
C0RIG5,0
C0RIJ9,0
C0RIN8,0
C0RIT3,0
C0RJ68,0
C0RJ95,0
C0RJH6,0
C0RJI0,0
C0RJK9,0
C0RL20,0
C0RL26,0
C0RLB0,0
C0RLC2,0
C0RLJ5,0
C0RMG5,0
C0RMK3,0
C0RMK4,0
C3LLT4,0
C3LLV3,0
C3LMC8,0
C3LMI5,0
C3LN54,0
C3LN57,0
C3LNA1,0
C3LNS6,0
C3LNX5,0
C3LP59,0
C3LPI7,0
C3LPM9,0
C3LPP8,0
C3LPQ7,0
C3LPS5,0
C3LPS7,0
C3LPT6,0
C3LPZ5,0
C3LQ59,0
C3LQI4,0
C3LQN2,0
C3LQU6,0
C3LQU9,0
C3LQY9,0
C3LQZ5,0
C3LR32,0
C3LR55,0
C3LR78,0
C3LRM1,0
C3LRM2,0
C3LRN3,0
C3LRV4,0
C3LRY9,0
C3LS11,0
C3LS13,0
C3LS22,0
C3LS82,0
C3LSP1,0
C3LSQ2,0
C3LST0,0
C3LSZ4,0
C3LT01,0
C3LTA3,0
C3LTD9,0
C3LTJ1,0
C3LTN4,0
C3LVN8,0
C3LW10,0
C3LWP9,0
C3MJ04,0
C3MJ49,0
C3MJB1,0
C3MJI5,0
C3MJP0,0
C3MJP7,0
C3MJQ1,0
C3MJX7,0
C3MK79,0
C3MKT6,0
C3MP45,0
C3MPH6,0
C3MPM7,0
C3MPM9,0
C3MQ26,0
C3MQN2,0
C3MQX1,0
C3MQY1,0
C3MQY4,0
C3MR91,0
C3MRB5,0
C3MRD1,0
C3MRH0,0
C3MRJ6,0
C3MRJ9,0
C3NF41,0
C3NF87,0
C3NFS7,0
C3NFT0,0
C3NFV6,0
C3NFY8,0
C3NG04,0
C3NG28,0
C3NGI3,0
C3NGI6,0
C3NGJ6,0
C3NGT4,0
C3NHE1,0
C3NHU4,0
C3NHU6,0
C3NHZ5,0
C3NJ67,0
C3NMB9,0
C3NMG6,0
C3NMP6,0
C3NMQ0,0
C3NMQ7,0
C3NMY2,0
C6D8C0,0
C7BGY4,0
C7BKL0,0
C7BSD3,0
C7BTJ1,0
C7NTR1,0
E6ENP7,0
I7FJX8,0
M0HG00,0
O31046,0
O50519,0
O52200,0
O52352,0
O54151,0
O54571,0
O68608,0
O68956,0
O69873,0
O69913,0
O69963,0
O69967,0
O72539,0
O86505,0
O86583,0
O86779,0
O86781,0
O86793,0
O86812,0
O86840,0
O87838,0
P04407,0
P06854,0
P07918,0
P0A4E1,0
P0A4I7,0
P0C630,0
P10551,0
P15736,0
P16510,0
P17377,0
P21293,0
P21861,0
P22678,0
P23034,0
P24531,0
P28284,0
P29836,0
P43414,0
P45497,0
P47715,0
P47716,0
P50589,0
P52561,0
P54739,0
P54740,0
P54906,0
P54976,0
P56833,0
P59248,0
P60312,0
P71128,0
P72392,0
P72394,0
P80574,0
P87553,0
P89446,0
P89453,0
P94968,0
Q03069,0
Q04512,0
Q04943,0
Q04HZ0,0
Q04IB3,0
Q04IC8,0
Q04II4,0
Q04IK0,0
Q04IK6,0
Q04IK7,0
Q04IK8,0
Q04IV9,0
Q04J38,0
Q04JF3,0
Q04JH1,0
Q04JH2,0
Q04JT7,0
Q04JX6,0
Q04KA9,0
Q04KG7,0
Q04KG8,0
Q04KI9,0
Q04KR0,0
Q04KY1,0
Q04KY2,0
Q04KZ3,0
Q04L24,0
Q04L36,0
Q04L63,0
Q04L76,0
Q04LE0,0
Q04LH2,0
Q04LH9,0
Q04LK0,0
Q04LL6,0
Q04LL8,0
Q04LT4,0
Q04LT6,0
Q04M21,0
Q04M48,0
Q04M58,0
Q04MC4,0
Q04ML1,0
Q04ML5,0
Q04MU2,0
Q04MV1,0
Q04N19,0
Q04N31,0
Q06965,0
Q08097,0
Q0P7U6,0
Q0P823,0
Q0P8G1,0
Q0P8J8,0
Q0P8R5,0
Q0P8S7,0
Q0P8T1,0
Q0P8U0,0
Q0P8W3,0
Q0P903,0
Q0P9C6,0
Q0P9C7,0
Q0P9C9,0
Q0P9D0,0
Q0PB55,0
Q0PBB6,0
Q18T09,0
Q20PL6,0
Q21DY7,0
Q21EC9,0
Q21EE1,0
Q21EE9,0
Q21EI0,0
Q21F19,0
Q21F93,0
Q21F95,0
Q21FD9,0
Q21FE3,0
Q21FH4,0
Q21FL9,0
Q21FV2,0
Q21FY3,0
Q21FY4,0
Q21H48,0
Q21H65,0
Q21H69,0
Q21HA1,0
Q21HH4,0
Q21HQ5,0
Q21II4,0
Q21IJ4,0
Q21IR9,0
Q21IS4,0
Q21IS6,0
Q21IS9,0
Q21JW7,0
Q21JY6,0
Q21K28,0
Q21K42,0
Q21K90,0
Q21KA1,0
Q21KB1,0
Q21KP6,0
Q21KT7,0
Q21KW1,0
Q21LB7,0
Q21LL4,0
Q21LN7,0
Q21LR0,0
Q21LT1,0
Q21M06,0
Q21M27,0
Q21M30,0
Q21M33,0
Q21M92,0
Q21MA1,0
Q21MF7,0
Q21MG9,0
Q21MH0,0
Q21MH2,0
Q21MI9,0
Q21MT0,0
Q21MU7,0
Q21N29,0
Q21NJ5,0
Q21NP8,0
Q21NW5,0
Q21PS1,0
Q21PU1,0
Q2F8F7,0
Q2JHF7,0
Q2JI25,0
Q2JI36,0
Q2JIG8,0
Q2JIK8,0
Q2JIN3,0
Q2JJ17,0
Q2JJ18,0
Q2JJ19,0
Q2JJA1,0
Q2JJE2,0
Q2JJM6,0
Q2JJN4,0
Q2JJQ0,0
Q2JJR4,0
Q2JK09,0
Q2JK10,0
Q2JK17,0
Q2JK57,0
Q2JK64,0
Q2JK68,0
Q2JKB7,0
Q2JKE8,0
Q2JKT3,0
Q2JKT7,0
Q2JKU0,0
Q2JKY0,0
Q2JL74,0
Q2JLD5,0
Q2JLJ5,0
Q2JLL9,0
Q2JLM3,0
Q2JLP6,0
Q2JLQ2,0
Q2JLV2,0
Q2JLX1,0
Q2JLY8,0
Q2JM78,0
Q2JMC1,0
Q2JMR8,0
Q2JMZ3,0
Q2JNI1,0
Q2JNL3,0
Q2JNZ0,0
Q2JP46,0
Q2JPG8,0
Q2JQ57,0
Q2JQ59,0
Q2JQ64,0
Q2VNE5,0
Q31DJ1,0
Q31DM4,0
Q31DP8,0
Q31DX5,0
Q31E14,0
Q31E54,0
Q31E55,0
Q31E86,0
Q31EA3,0
Q31ED4,0
Q31EF5,0
Q31EJ2,0
Q31EL0,0
Q31EM0,0
Q31EM1,0
Q31F24,0
Q31F42,0
Q31F43,0
Q31FF5,0
Q31FS6,0
Q31FZ5,0
Q31G14,0
Q31G41,0
Q31G45,0
Q31G64,0
Q31GD2,0
Q31GD8,0
Q31GJ9,0
Q31GL4,0
Q31GM9,0
Q31GP3,0
Q31GV5,0
Q31GZ1,0
Q31HB0,0
Q31HG6,0
Q31HH2,0
Q31HP0,0
Q31HR8,0
Q31I08,0
Q31I16,0
Q31I33,0
Q31I55,0
Q31I59,0
Q31I60,0
Q31I62,0
Q31IB6,0
Q31IB9,0
Q31IC8,0
Q31IE1,0
Q31IF4,0
Q31II8,0
Q31IM5,0
Q31IS6,0
Q31IT3,0
Q31IV8,0
Q31IY8,0
Q31J37,0
Q31JA4,0
Q31JD2,0
Q31JE7,0
Q31JG5,0
Q31JG9,0
Q31JQ7,0
Q3IW81,0
Q3IW86,0
Q3IW89,0
Q3IXX8,0
Q3IY65,0
Q3IYG8,0
Q3IYM5,0
Q3IYR6,0
Q3IYT7,0
Q3IYU8,0
Q3IYX7,0
Q3IYY2,0
Q3IYY8,0
Q3IZ47,0
Q3IZN1,0
Q3IZN2,0
Q3IZX0,0
Q3J061,0
Q3J077,0
Q3J0W9,0
Q3J1A8,0
Q3J1H1,0
Q3J205,0
Q3J263,0
Q3J2B7,0
Q3J2B9,0
Q3J2D0,0
Q3J2H4,0
Q3J2I9,0
Q3J2P4,0
Q3J2Q5,0
Q3J2X5,0
Q3J2X6,0
Q3J317,0
Q3J349,0
Q3J358,0
Q3J364,0
Q3J365,0
Q3J3D1,0
Q3J3E2,0
Q3J3I2,0
Q3J3M6,0
Q3J3M8,0
Q3J3V1,0
Q3J3Y8,0
Q3J4M2,0
Q3J4M8,0
Q3J4N3,0
Q3J561,0
Q3J5A6,0
Q3J5E8,0
Q3J5F9,0
Q3J5H6,0
Q3J5K7,0
Q3J5L4,0
Q3J5N1,0
Q3J5P8,0
Q3J5S9,0
Q3J5W4,0
Q3J6C1,0
Q3J6D2,0
Q48BL6,0
Q48BQ5,0
Q48CH3,0
Q48CL6,0
Q48CL9,0
Q48CP3,0
Q48CS1,0
Q48CS2,0
Q48D21,0
Q48D30,0
Q48D61,0
Q48DM5,0
Q48DM6,0
Q48DN8,0
Q48DP2,0
Q48DT0,0
Q48DU7,0
Q48E69,0
Q48E81,0
Q48EC7,0
Q48ED3,0
Q48EF5,0
Q48EF8,0
Q48EG7,0
Q48EV6,0
Q48F01,0
Q48F36,0
Q48F57,0
Q48F61,0
Q48F75,0
Q48F88,0
Q48FA7,0
Q48FB2,0
Q48FG8,0
Q48FH7,0
Q48FK1,0
Q48FM4,0
Q48FN1,0
Q48FT7,0
Q48GK0,0
Q48GV2,0
Q48GW4,0
Q48H61,0
Q48H69,0
Q48HY9,0
Q48HZ2,0
Q48IE2,0
Q48JU8,0
Q48JX8,0
Q48JZ6,0
Q48KH5,0
Q48L24,0
Q48L43,0
Q48LF6,0
Q48LY5,0
Q48LZ8,0
Q48M05,0
Q48M92,0
Q48MT3,0
Q48MV8,0
Q48N21,0
Q48N86,0
Q48NC2,0
Q48NL1,0
Q48NL9,0
Q48NN5,0
Q48NT7,0
Q48NU7,0
Q48NU8,0
Q48NX0,0
Q48P03,0
Q48P81,0
Q48PA1,0
Q48PB0,0
Q48PH1,0
Q48PJ4,0
Q48PJ6,0
Q48Q08,0
Q48Q15,0
Q48QC3,0
Q48QH8,0
Q53091,0
Q59832,0
Q59833,0
Q66624,0
Q66658,0
Q6DNS5,0
Q6JTB2,0
Q6KZ23,0
Q6KZ38,0
Q6KZ89,0
Q6KZB1,0
Q6KZG0,0
Q6KZH9,0
Q6KZI4,0
Q6KZK7,0
Q6KZP5,0
Q6KZW2,0
Q6L0A7,0
Q6L0E8,0
Q6L123,0
Q6L147,0
Q6L174,0
Q6L1F0,0
Q6L1F4,0
Q6L1F6,0
Q6L1G5,0
Q6L1K9,0
Q6L1L7,0
Q6L1M2,0
Q6L1M4,0
Q6L1N2,0
Q6L1W3,0
Q6L204,0
Q6L292,0
Q6L2M4,0
Q6L2N4,0
Q6L2Z8,0
Q6L2Z9,0
Q6TNA6,0
Q6WNV6,0
Q7AKF0,0
Q7NAE2,0
Q7NAU0,0
Q7NAZ1,0
Q7NAZ6,0
Q7NB15,0
Q7NB93,0
Q7NBH2,0
Q7NBH8,0
Q7NBU2,0
Q7NC20,0
Q7NC65,0
Q7NC69,0
Q83943,0
Q8CJM9,0
Q8CJP7,0
Q8CJQ6,0
Q8CJR5,0
Q8CJT1,0
Q8CJT5,0
Q8CK02,0
Q8CK04,0
Q8CK28,0
Q8CXQ3,0
Q8CXQ5,0
Q8EU92,0
Q8EU99,0
Q8EUA1,0
Q8EUB0,0
Q8EUD3,0
Q8EUD7,0
Q8EUG2,0
Q8EUG9,0
Q8EUQ9,0
Q8EUV2,0
Q8EUX4,0
Q8EV81,0
Q8EVD0,0
Q8EVF5,0
Q8EVH2,0
Q8EVH8,0
Q8EW41,0
Q8EWA5,0
Q8EWD1,0
Q8EWX0,0
Q8EWX7,0
Q8RLE0,0
Q91RA4,0
Q93J59,0
Q93JF1,0
Q93RW1,0
Q9ADA7,0
Q9AK76,0
Q9AK82,0
Q9E6L8,0
Q9E6N9,0
Q9E6P5,0
Q9E6Q4,0
Q9EWI9,0
Q9EWS0,0
Q9EWW6,0
Q9F1Y5,0
Q9F305,0
Q9F364,0
Q9FBW3,0
Q9FCC2,0
Q9FCC3,0
Q9FCG5,0
Q9JN05,0
Q9JN82,0
Q9K3R5,0
Q9K3R6,0
Q9K3S8,0
Q9K4A7,0
Q9K4E3,0
Q9KXQ5,0
Q9KXS0,0
Q9KXS1,0
Q9KY00,0
Q9KY50,0
Q9KYV7,0
Q9KZK9,0
Q9KZP1,0
Q9KZV0,0
Q9KZV6,0
Q9L0L0,0
Q9L0Q8,0
Q9L0Y3,0
Q9L1A3,0
Q9L1A4,0
Q9L213,0
Q9L298,0
Q9L2H4,0
Q9PHM6,0
Q9PHM8,0
Q9PHW9,0
Q9PI30,0
Q9PI62,0
Q9PI72,0
Q9PIE4,0
Q9PIG7,0
Q9PIH0,0
Q9PIH1,0
Q9PIH3,0
Q9PIH5,0
Q9PIH8,0
Q9PIK1,0
Q9PIR1,0
Q9PIR7,0
Q9PIR8,0
Q9PIW2,0
Q9PJ29,0
Q9PJ54,0
Q9PJ66,0
Q9PJ85,0
Q9PLV2,0
Q9PLV9,0
Q9PLW7,0
Q9PM37,0
Q9PM78,0
Q9PM80,0
Q9PMD9,0
Q9PMF9,0
Q9PMQ5,0
Q9PMS2,0
Q9PMT4,0
Q9PMU0,0
Q9PMU9,0
Q9PMZ6,0
Q9PN13,0
Q9PN24,0
Q9PN30,0
Q9PN59,0
Q9PN78,0
Q9PN94,0
Q9PNI5,0
Q9PNJ0,0
Q9PNJ9,0
Q9PNL3,0
Q9PNP6,0
Q9PNQ2,0
Q9PNT0,0
Q9PNU6,0
Q9PNY2,0
Q9PP65,0
Q9PP92,0
Q9PP99,0
Q9PPF2,0
Q9PPL8,0
Q9RBU1,0
Q9RDJ9,0
Q9RDK7,0
Q9RDV6,0
Q9RJM2,0
Q9RJS6,0
Q9RKS2,0
Q9RL35,0
Q9RMN9,0
Q9RNH6,0
Q9RNH7,0
Q9S1N4,0
Q9S219,0
Q9S2C0,0
Q9S2H6,0
Q9S2H7,0
Q9S2K7,0
Q9S2N4,0
Q9S2P2,0
Q9S2U8,0
Q9S2V2,0
Q9WX16,0
Q9X7W3,0
Q9X8N6,0
Q9X8R7,0
Q9X9V6,0
Q9XA16,0
Q9XAC2,0
Q9XAP8,0
Q9XC19,0
Q9Z4W9,0
Q9Z4Y5,0
Q9Z4Z7,0
Q9Z519,0
Q9ZBA5,0
Q9ZBR1,0
Q9ZBR6,0
Q9ZBV4,0
Q9ZEP3,0
S7ZEI5,0
A0QNM1,0
A0QNM2,0
A0QQ37,0
A0QRG8,0
A0QSH3,0
A0QSH4,0
A0QSH5,0
A0QSH6,0
A0QTG2,0
A0QTL6,0
A0QUV5,0
A0QWJ5,0
A0QWS1,0
A0QWU2,0
A0QX82,0
A0R1Y7,0
A0R219,0
A0R2D5,0
A0R2V9,0
A0R557,0
A0R5X8,0
A0R7J5,0
A1WGM5,0
A1WGT3,0
A1WHV2,0
A1WHV4,0
A1WHV5,0
A1WI17,0
A1WIH0,0
A1WK55,0
A1WKY6,0
A1WL60,0
A1WL88,0
A1WMU7,0
A1WNY2,0
A1WQ79,0
A1WQL7,0
A1WS77,0
A1WSH5,0
A3PFW7,0
A3PG85,0
A3PGF2,0
A3PGF6,0
A3PGY5,0
A3PH80,0
A3PHK8,0
A3PHL6,0
A3PIA4,0
A3PIN5,0
A3PIU6,0
A3PJ90,0
A3PJQ3,0
A3PK61,0
A3PLT9,0
A3PLV0,0
A3PLX6,0
A3PMR2,0
A3PMS1,0
A3PN48,0
A3PNH8,0
A3PNS5,0
A4IJA6,0
A4IJG4,0
A4IJI1,0
A4IJT3,0
A4IKB5,0
A4IL76,0
A4ILT5,0
A4ILU2,0
A4IM00,0
A4IM28,0
A4IM30,0
A4IM47,0
A4IP00,0
A4IPA2,0
A4IPB3,0
A4IQ80,0
A4IQ85,0
A4IQA8,0
A4IQV5,0
A4IR12,0
A4IR29,0
A4IR49,0
A4IR67,0
A4IRA1,0
A4IRB0,0
A4IRC0,0
A4IRW9,0
A4IS20,0
A4ISR7,0
A4ISS2,0
A4ITL5,0
A4ITW9,0
A4WNJ4,0
A4WNK8,0
A4WNU8,0
A4WNV2,0
A4WP19,0
A4WP56,0
A4WPB6,0
A4WPT1,0
A4WQ67,0
A4WQC5,0
A4WRE3,0
A4WRI4,0
A4WRM2,0
A4WRW1,0
A4WSL5,0
A4WTM7,0
A4WUN9,0
A4WVL6,0
A4WVP7,0
A4WVQ1,0
A4WVY8,0
A4WX68,0
A4ZHT6,0
A6Q1M3,0
A6Q1W3,0
A6Q1W6,0
A6Q1Y1,0
A6Q1Z5,0
A6Q225,0
A6Q2W2,0
A6Q312,0
A6Q3P4,0
A6Q3T0,0
A6Q3V1,0
A6Q3W1,0
A6Q429,0
A6Q446,0
A6Q469,0
A6Q496,0
A6Q4C9,0
A6Q4R0,0
A6Q4V8,0
A6Q539,0
A6Q541,0
A6Q549,0
A9WW39,0
A9WW44,0
A9WWS9,0
A9WXP5,0
A9WXS0,0
A9WYR8,0
B0CGE4,0
B0CGP2,0
B0CGT3,0
B0CGT8,0
B0CGU9,0
B0CGV1,0
B0CH41,0
B0CHK5,0
B0CHP1,0
B0CHW7,0
B0CI46,0
B0CI58,0
B0CIR8,0
B0CJG0,0
B0CJI8,0
B0CKF4,0
B0CKG1,0
B0CKH7,0
B0CKX7,0
B0CKY5,0
B0CL81,0
B0CLJ2,0
B8FP18,0
B8FP20,0
B8FQU0,0
B8FQV3,0
B8FSC1,0
B8FT13,0
B8FT33,0
B8FT64,0
B8FU92,0
B8FUI8,0
B8FUN2,0
B8FUR7,0
B8FVH5,0
B8FXB6,0
B8FZ81,0
B8G0H2,0
B8G1D7,0
B8G1G3,0
B8G2Q5,0
B9KXB8,0
B9KXL4,0
B9KXN9,0
B9KYU7,0
B9KZ66,0
B9L4T8,0
C0RE56,0
C0REG3,0
C0RF56,0
C0RF89,0
C0RFF8,0
C0RFU8,0
C0RFV5,0
C0RFX5,0
C0RG91,0
C0RGA2,0
C0RHH6,0
C0RHI3,0
C0RHZ3,0
C0RI01,0
C0RI93,0
C0RIK0,0
C0RIW8,0
C0RJ65,0
C0RJ73,0
C0RJA4,0
C0RJB0,0
C0RJC0,0
C0RJC2,0
C0RJL1,0
C0RJR0,0
C0RKC9,0
C0RKF4,0
C0RLC0,0
C0RMG8,0
C0RMH3,0
C3LLK9,0
C3LLL0,0
C3LLS2,0
C3LMU1,0
C3LN49,0
C3LN58,0
C3LND6,0
C3LNH9,0
C3LNW7,0
C3LPB8,0
C3LPI0,0
C3LPR5,0
C3LPT5,0
C3LPU2,0
C3LQ19,0
C3LQ20,0
C3LQD5,0
C3LQP9,0
C3LQV4,0
C3LR00,0
C3LR49,0
C3LRX0,0
C3LS53,0
C3LSD6,0
C3LSJ9,0
C3LSR6,0
C3LSS9,0
C3LSZ2,0
C3LT53,0
C3LT54,0
C3LTJ9,0
C3LTV0,0
C3LU31,0
C3LVL9,0
C3LWJ3,0
C3MJ21,0
C3MJI6,0
C3MK52,0
C3MPG7,0
C3MPN8,0
C3MPQ5,0
C3MPR5,0
C3MPR8,0
C3MPW2,0
C3MQ04,0
C3MQ83,0
C3MQ86,0
C3MQD0,0
C3MQG7,0
C3MQM6,0
C3MQV5,0
C3MQZ9,0
C3MR07,0
C3MR14,0
C3MRK1,0
C3MRK4,0
C3NF70,0
C3NFS2,0
C3NFS5,0
C3NGF3,0
C3NGG0,0
C3NGG8,0
C3NGL3,0
C3NGU0,0
C3NGZ9,0
C3NH36,0
C3NH82,0
C3NH85,0
C3NHG3,0
C3NHL1,0
C3NHQ5,0
C3NHQ8,0
C3NHR8,0
C3NHT5,0
C3NI04,0
C3NJQ5,0
C3NJQ6,0
C3NM92,0
C6CWS7,0
C6D563,0
C7NN78,0
C7NST3,0
D9SJ16,0
I7A3T6,0
O08385,0
O52408,0
O54099,0
O68609,0
O69851,0
O69852,0
O69853,0
O86511,0
O86567,0
O86785,0
O88018,0
P06619,0
P0A4P1,0
P10447,0
P13157,0
P14346,0
P16246,0
P16966,0
P17653,0
P22649,0
P23155,0
P23156,0
P24424,0
P24907,0
P40180,0
P52367,0
P52990,0
P54905,0
P89471,0
Q01015,0
Q02059,0
Q02062,0
Q04HU2,0
Q04I25,0
Q04I77,0
Q04IY6,0
Q04J12,0
Q04J40,0
Q04J73,0
Q04JT4,0
Q04JT8,0
Q04JY7,0
Q04K39,0
Q04K45,0
Q04K46,0
Q04K52,0
Q04KC3,0
Q04KG5,0
Q04KZ0,0
Q04L73,0
Q04LC5,0
Q04LJ2,0
Q04LW5,0
Q04MC7,0
Q04MH6,0
Q04MR3,0
Q04MU7,0
Q0EDR2,0
Q0P8U4,0
Q0P8U6,0
Q0P9S6,0
Q0P9X6,0
Q0PAS7,0
Q18TV3,0
Q21DG3,0
Q21EC8,0
Q21EF2,0
Q21EN2,0
Q21FD0,0
Q21FD2,0
Q21FV3,0
Q21HF7,0
Q21HI2,0
Q21HI4,0
Q21HI5,0
Q21I34,0
Q21J10,0
Q21J11,0
Q21JL6,0
Q21JL7,0
Q21K29,0
Q21KW2,0
Q21LG2,0
Q21LY9,0
Q21LZ9,0
Q21M93,0
Q21MH7,0
Q21MK7,0
Q21MR4,0
Q21NX7,0
Q21P11,0
Q2JI33,0
Q2JI70,0
Q2JJ22,0
Q2JJC6,0
Q2JK54,0
Q2JKC1,0
Q2JKD9,0
Q2JKX6,0
Q2JL97,0
Q2JLV1,0
Q2JM55,0
Q2JMA3,0
Q2JN62,0
Q2JNM6,0
Q2JNW7,0
Q2JPM4,0
Q2JQ65,0
Q31DK9,0
Q31DP2,0
Q31DP4,0
Q31DP7,0
Q31E43,0
Q31EK2,0
Q31FT1,0
Q31FZ4,0
Q31G52,0
Q31G55,0
Q31G67,0
Q31GD4,0
Q31GZ0,0
Q31H18,0
Q31H20,0
Q31HN9,0
Q31HX8,0
Q31I36,0
Q31I56,0
Q31I68,0
Q31I95,0
Q31IB5,0
Q31IE3,0
Q31II5,0
Q31IY9,0
Q31J09,0
Q31J85,0
Q31JF8,0
Q31JJ7,0
Q31JJ8,0
Q3IW88,0
Q3IYH5,0
Q3IYR9,0
Q3IZ05,0
Q3IZ49,0
Q3IZH6,0
Q3IZI5,0
Q3J0C4,0
Q3J0F0,0
Q3J0G1,0
Q3J252,0
Q3J2A5,0
Q3J2K9,0
Q3J340,0
Q3J3I6,0
Q3J3P6,0
Q3J445,0
Q3J4X5,0
Q3J555,0
Q3J5E9,0
Q3J5T0,0
Q3J5W3,0
Q3J5W7,0
Q3J661,0
Q3J6I0,0
Q3V8B2,0
Q46124,0
Q48BF5,0
Q48CC8,0
Q48CH7,0
Q48CM0,0
Q48D29,0
Q48DG3,0
Q48DI0,0
Q48DL7,0
Q48DQ3,0
Q48DT7,0
Q48EC8,0
Q48ED0,0
Q48EF0,0
Q48EV7,0
Q48EV8,0
Q48F42,0
Q48F46,0
Q48F69,0
Q48F71,0
Q48F72,0
Q48F78,0
Q48F81,0
Q48FJ9,0
Q48GH3,0
Q48H68,0
Q48IB1,0
Q48IV1,0
Q48JG9,0
Q48L36,0
Q48L52,0
Q48L54,0
Q48LV8,0
Q48M15,0
Q48MF3,0
Q48MR4,0
Q48NP8,0
Q48NU0,0
Q48P92,0
Q48P93,0
Q48PD2,0
Q48PK6,0
Q48Q10,0
Q48Q16,0
Q48QI2,0
Q69025,0
Q6KYV3,0
Q6KZL5,0
Q6KZQ5,0
Q6L013,0
Q6L016,0
Q6L0F2,0
Q6L0P9,0
Q6L0W5,0
Q6L135,0
Q6L153,0
Q6L171,0
Q6L178,0
Q6L1E2,0
Q6L1U1,0
Q6L273,0
Q6L2G8,0
Q6L2K9,0
Q6L2T8,0
Q7NAD7,0
Q7NAE3,0
Q7NB74,0
Q7NB79,0
Q7NBG2,0
Q7NBG7,0
Q7NBS4,0
Q7NBV1,0
Q83944,0
Q84173,0
Q85428,0
Q89940,0
Q8CXQ6,0
Q8EUA8,0
Q8EUV4,0
Q8EUW9,0
Q8EUX9,0
Q8EUY4,0
Q8EVJ9,0
Q8EVP2,0
Q8EW81,0
Q8EWA4,0
Q8EWB6,0
Q8EWX1,0
Q8EX00,0
Q8JYK1,0
Q93RW2,0
Q9ADB2,0
Q9E6M4,0
Q9EWJ9,0
Q9F309,0
Q9FA52,0
Q9FBX1,0
Q9K3L9,0
Q9K3T2,0
Q9K4F4,0
Q9KX62,0
Q9KX67,0
Q9KXR1,0
Q9KXR2,0
Q9KYP1,0
Q9L0Y6,0
Q9L1I2,0
Q9L1I4,0
Q9PHT9,0
Q9PHU0,0
Q9PI98,0
Q9PIB8,0
Q9PIB9,0
Q9PII2,0
Q9PIK8,0
Q9PIL5,0
Q9PIM1,0
Q9PIZ3,0
Q9PJ01,0
Q9PJ28,0
Q9PMP8,0
Q9PMQ3,0
Q9PN20,0
Q9PN25,0
Q9PNB8,0
Q9PNH7,0
Q9PNJ6,0
Q9PNQ6,0
Q9PNU3,0
Q9PP06,0
Q9PPA9,0
Q9PPF1,0
Q9PPF3,0
Q9PPI9,0
Q9PPJ4,0
Q9PPL4,0
Q9RDV3,0
Q9RK00,0
Q9S2R1,0
Q9S2W4,0
Q9X4E0,0
Q9XA06,0
Q9XAC0,0
Q9XAD5,0
Q9YUS2,0
Q9Z618,0
Q9ZBH0,0
Q9ZBS2,0
Q9ZBX9,0
Q9ZBY8,0
Q9ZFA8,0
S7ZEI0,0
Q573D6,0
Q573E7,0
A0QUA1,1
A0QWT2,1
A0QZY0,1
A0R3R7,1
A0R618,1
O88070,1
Q9KZC7,1
Q9RDS6,1
S7ZFK6,1
A0QQH7,1
A0QTG1,1
A0QUP1,1
A0QUW7,1
A0QYQ7,1
A0QYV1,1
A0QZ42,1
A0R079,1
A0R083,1
A0R4Q2,1
A0R5G1,1
A1WL89,1
A3PLA0,1
A4IM04,1
A4WQW2,1
B0CGT4,1
B9L1H7,1
C0RJA5,1
C3LQZ1,1
O69290,1
P15106,1
Q04JL8,1
Q21LC4,1
Q2JJ30,1
Q2JLG7,1
Q31G66,1
Q3J0Z1,1
Q48F77,1
Q6KZM5,1
Q6L1K7,1
Q6TNA5,1
Q9KXR5,1
Q9KXR6,1
Q9PJ84,1
Q9S224,1
Q9S2W7,1
S7Z800,1
A0QUY7,1
A0QUZ7,1
A0QVM0,1
A0QWG2,1
A0QWN3,1
A0QWQ4,1
A0QX66,1
A0R015,1
A0R018,1
A0R2Y2,1
A0R3H2,1
A0R3M4,1
A0R558,1
A0R580,1
A0R5N1,1
A0R5T2,1
A0R5T3,1
A0R638,1
A1WDW5,1
A1WHI6,1
A1WIG8,1
A1WLG5,1
A1WMG5,1
A1WMG9,1
A1WMN5,1
A1WN86,1
A1WP10,1
A1WRA7,1
A1WRC4,1
A1WRL2,1
A1WRL3,1
A1WSL6,1
A1WSR5,1
A3PGQ3,1
A3PGQ9,1
A3PHJ6,1
A3PHK2,1
A3PHS4,1
A3PHS9,1
A3PHT2,1
A3PIU9,1
A3PJ74,1
A3PK79,1
A3PL98,1
A3PLC6,1
A3PLG8,1
A3PLJ1,1
A3PMJ1,1
A3PMK8,1
A3PN13,1
A4IJ96,1
A4IJG6,1
A4IJG8,1
A4IJS8,1
A4IJX2,1
A4IJX3,1
A4IJY6,1
A4IJZ1,1
A4ILN7,1
A4IM25,1
A4IM83,1
A4IMD1,1
A4IQ60,1
A4IR80,1
A4IRM4,1
A4IRW1,1
A4ITQ8,1
A4ITU9,1
A4WNM6,1
A4WPF7,1
A4WPH4,1
A4WQD2,1
A4WQD6,1
A4WQD9,1
A4WQU1,1
A4WQW4,1
A4WQY3,1
A4WR15,1
A4WRP6,1
A4WTP4,1
A4WU98,1
A4WV24,1
A4WV47,1
A4WX62,1
A6Q186,1
A6Q342,1
A6Q354,1
A6Q391,1
A6Q3E8,1
A6Q3R4,1
A6Q3Z7,1
A6Q401,1
A6Q433,1
A6Q4I1,1
A6Q4N8,1
A6Q4S8,1
A6Q576,1
A6Q581,1
A6Q5H2,1
A6Q5I8,1
A9WWG0,1
A9WWT6,1
A9WY54,1
A9WYH0,1
B0CGG7,1
B0CGM0,1
B0CGU5,1
B0CGZ9,1
B0CHK8,1
B0CHL9,1
B0CHS0,1
B0CIT0,1
B0CIX5,1
B0CJW0,1
B0CJX0,1
B0CL77,1
B0CLG4,1
B0CLL0,1
B8FP44,1
B8FR28,1
B8FT35,1
B8FT58,1
B8FXX3,1
B8FZE0,1
B8G0I5,1
B8G0L8,1
B8G0N6,1
B8G1I4,1
B9KXM2,1
B9KXM5,1
B9KYV8,1
B9KZ37,1
B9KZ38,1
B9KZR0,1
B9L0I4,1
B9L0W3,1
B9L131,1
C0RE59,1
C0RE69,1
C0REC2,1
C0REU7,1
C0RF62,1
C0RFH1,1
C0RFL5,1
C0RG06,1
C0RH45,1
C0RI89,1
C0RIH1,1
C0RIL8,1
C0RJ44,1
C0RKS9,1
C0RL24,1
C3LLL2,1
C3LLR5,1
C3LLS4,1
C3LM61,1
C3LM83,1
C3LP35,1
C3LRR4,1
C3LS81,1
C3LST7,1
C3LT21,1
C3LTL9,1
C3LU07,1
C3LUM7,1
C3LUV8,1
C3LVI8,1
C3MJ14,1
C3MJ88,1
C3MJP1,1
C3MKT5,1
C3MPQ0,1
C3MPS1,1
C3MQE3,1
C3MQF3,1
C3MQH9,1
C3MR87,1
C3NF77,1
C3NG91,1
C3NGY7,1
C3NH14,1
C3NH23,1
C3NHQ2,1
C3NHS3,1
C3NMQ6,1
C3NMS5,1
C3NMY1,1
E1ACQ0,1
E6ELF6,1
O06851,1
O30819,1
O34845,1
O52914,1
O86528,1
O87840,1
O88054,1
O88055,1
P0C634,1
P15419,1
P24532,1
P41257,1
P41258,1
Q04HS5,1
Q04HZ7,1
Q04I59,1
Q04I74,1
Q04IA3,1
Q04J98,1
Q04JB0,1
Q04JD7,1
Q04JQ8,1
Q04JT1,1
Q04JW5,1
Q04K48,1
Q04KH2,1
Q04LI2,1
Q04LK1,1
Q04LU1,1
Q04M63,1
Q04MI4,1
Q04N48,1
Q0PAT1,1
Q21HA8,1
Q21HK3,1
Q21HP4,1
Q21I21,1
Q21IW6,1
Q21JG6,1
Q21JI8,1
Q21K22,1
Q21KD6,1
Q21KE0,1
Q21KM1,1
Q21L68,1
Q21LV0,1
Q21LV6,1
Q21MA4,1
Q21MG7,1
Q21MG8,1
Q21MH1,1
Q2JHP5,1
Q2JHU3,1
Q2JI39,1
Q2JIV0,1
Q2JJV2,1
Q2JKN4,1
Q2JKY3,1
Q2JL88,1
Q2JLC4,1
Q2JLU3,1
Q2JMA8,1
Q2JPK0,1
Q2JQ36,1
Q31DQ3,1
Q31E84,1
Q31F14,1
Q31F18,1
Q31F19,1
Q31F66,1
Q31F91,1
Q31FF6,1
Q31FV4,1
Q31G89,1
Q31GB2,1
Q31GN4,1
Q31GU1,1
Q31H54,1
Q31H76,1
Q31H87,1
Q31HK9,1
Q31I42,1
Q31I43,1
Q31I61,1
Q3IZ84,1
Q3IZP1,1
Q3IZQ8,1
Q3J0R1,1
Q3J0T3,1
Q3J0X4,1
Q3J0Z3,1
Q3J210,1
Q3J273,1
Q3J2V7,1
Q3J355,1
Q3J3I3,1
Q3J4K2,1
Q3J4L8,1
Q3J4M1,1
Q3J4M6,1
Q3J4Z5,1
Q3J5M4,1
Q3J5M6,1
Q3J5N0,1
Q48EF6,1
Q48EF9,1
Q48F26,1
Q48FC1,1
Q48FD4,1
Q48G09,1
Q48G25,1
Q48H74,1
Q48JR8,1
Q48JR9,1
Q48JS3,1
Q48K68,1
Q48KA5,1
Q48KR2,1
Q48L06,1
Q48LT7,1
Q48LW5,1
Q48LX3,1
Q48LY0,1
Q48MF2,1
Q48N87,1
Q48NK6,1
Q48NN3,1
Q48NY2,1
Q48NZ7,1
Q6KZC5,1
Q6KZF9,1
Q6KZN5,1
Q6KZQ3,1
Q6KZR2,1
Q6L0D1,1
Q6L0V9,1
Q6L195,1
Q6L1M5,1
Q6L1N5,1
Q6L1Z4,1
Q6L206,1
Q6L2J1,1
Q6L2M3,1
Q6L2V8,1
Q7NAD6,1
Q7NAE5,1
Q7NAF8,1
Q7NAR7,1
Q7NB88,1
Q7NBB7,1
Q7NBB8,1
Q7NBG0,1
Q7NBH9,1
Q7NBT5,1
Q7NBY8,1
Q7NC34,1
Q8CJX0,1
Q8EU94,1
Q8EUJ8,1
Q8EUJ9,1
Q8EUN9,1
Q8EUR6,1
Q8EUS8,1
Q8EUX2,1
Q8EVI1,1
Q8EVV1,1
Q8EW01,1
Q8EW64,1
Q8EWB7,1
Q8EWJ2,1
Q8EWK9,1
Q8EWL9,1
Q8EWS9,1
Q8EX08,1
Q8EX28,1
Q93IZ8,1
Q9ADA4,1
Q9F2I9,1
Q9F323,1
Q9FCB1,1
Q9FCC1,1
Q9KXP9,1
Q9KY56,1
Q9KZA7,1
Q9KZK8,1
Q9L0H2,1
Q9L0Q6,1
Q9L278,1
Q9L2H9,1
Q9PHK7,1
Q9PHM7,1
Q9PHY1,1
Q9PHZ7,1
Q9PI05,1
Q9PI73,1
Q9PIB3,1
Q9PIB4,1
Q9PIJ1,1
Q9PIK2,1
Q9PIL7,1
Q9PIS3,1
Q9PMD2,1
Q9PMG4,1
Q9PMG8,1
Q9PN27,1
Q9PN47,1
Q9PN49,1
Q9PNN7,1
Q9PNY0,1
Q9PP34,1
Q9PP35,1
Q9PP78,1
Q9PP85,1
Q9PPB0,1
Q9PPB8,1
Q9PPC2,1
Q9PPE4,1
Q9RFD5,1
Q9RJ16,1
Q9RJ50,1
Q9RJ61,1
Q9RJM5,1
Q9RKK5,1
Q9RKK6,1
Q9RKL4,1
Q9S2W9,1
Q9S2X5,1
Q9X827,1
Q9X844,1
Q9X8P6,1
Q9X928,1
Q9XAK7,1
Q9Z581,1
Q9Z585,1
Q9ZBR9,1
Q9ZBX1,1
Q9ZFA3,1
A0QQQ2,1
A0QUW9,1
A0QUX1,1
A0QXJ6,1
A0QYS6,1
A0R3D6,1
A0R3T8,1
A0R4I0,1
A0R7H5,1
A1WFG0,1
A1WGU0,1
A1WJL0,1
A1WKI1,1
A1WS08,1
A3PH07,1
A3PHH4,1
A3PHJ3,1
A3PI89,1
A3PI90,1
A3PJH4,1
A3PK32,1
A3PM52,1
A3PMH0,1
A3PMN4,1
A3PNQ9,1
A4IJX5,1
A4IJZ2,1
A4IJZ3,1
A4ILZ2,1
A4ILZ9,1
A4IQ54,1
A4IR95,1
A4IRS3,1
A4IRY3,1
A4ITM9,1
A4WPJ3,1
A4WQ11,1
A4WQZ1,1
A4WUQ2,1
A4WUQ3,1
A4WVX3,1
A4WX36,1
A4WX55,1
A4WXA5,1
A6Q371,1
A6Q3C7,1
A6Q3P9,1
A6Q3S4,1
A6Q4I0,1
A6Q512,1
A6Q543,1
A6Q559,1
A9WWG9,1
A9WWT1,1
A9WXP3,1
A9WYR3,1
A9WYR4,1
B0CII7,1
B0CIM5,1
B0CK89,1
B0CL02,1
B0CL36,1
B0CLE9,1
B0CLG9,1
B0CLK2,1
B0CLM5,1
B8FP01,1
B8FP03,1
B8FP45,1
B8FQR7,1
B8FUJ0,1
B8FUJ1,1
B8FUR3,1
B8FWX2,1
B8FZ89,1
B8G1U2,1
B9KZK4,1
B9L146,1
C0REV5,1
C0RF58,1
C0RGD6,1
C0RGH3,1
C0RHB0,1
C0RI19,1
C0RI52,1
C0RIF7,1
C0RIH6,1
C0RIL0,1
C0RIN3,1
C0RKC7,1
C0RLB5,1
C0RLB6,1
C3LNF1,1
C3LP93,1
C3LPN0,1
C3LPP6,1
C3LQ53,1
C3LRV3,1
C3LT13,1
C3LTC5,1
C3LTP5,1
C3LUC2,1
C3MJX9,1
C3MKC1,1
C3MPS2,1
C3MQL0,1
C3MRE4,1
C3MRH3,1
C3NFX3,1
C3NGV6,1
C3NHQ1,1
C3NMG4,1
C3NMT8,1
O54075,1
O54154,1
P18204,1
Q04I50,1
Q04I94,1
Q04IJ8,1
Q04J33,1
Q04JK7,1
Q04JM7,1
Q04JM8,1
Q04K90,1
Q04M40,1
Q04M41,1
Q04M42,1
Q04MJ2,1
Q04MW7,1
Q04N22,1
Q04N25,1
Q04N53,1
Q21EP1,1
Q21FG6,1
Q21FS7,1
Q21FS8,1
Q21HZ6,1
Q21I40,1
Q21J37,1
Q21MA8,1
Q21MC3,1
Q21MZ8,1
Q21PU3,1
Q2JHX0,1
Q2JJ74,1
Q2JJK5,1
Q2JK96,1
Q2JKL2,1
Q2JKP0,1
Q2JKS2,1
Q2JL07,1
Q2JL51,1
Q2JMD8,1
Q2JNH3,1
Q31DX2,1
Q31F52,1
Q31F53,1
Q31F54,1
Q31G65,1
Q31GQ3,1
Q31GT2,1
Q31H63,1
Q31I05,1
Q31IE8,1
Q31J79,1
Q3IWD2,1
Q3IYJ1,1
Q3IZL4,1
Q3IZS9,1
Q3J047,1
Q3J281,1
Q3J459,1
Q3J460,1
Q3J4E3,1
Q3J4Z8,1
Q3J517,1
Q3J5C7,1
Q48BZ2,1
Q48DN1,1
Q48E91,1
Q48E92,1
Q48E93,1
Q48F14,1
Q48FB4,1
Q48FI4,1
Q48LD2,1
Q48LZ3,1
Q48NY1,1
Q48PI2,1
Q48PX1,1
Q48QJ1,1
Q6KZA3,1
Q6KZM3,1
Q6L0N9,1
Q6L1N7,1
Q6L1Q1,1
Q6L1Q5,1
Q6L1V1,1
Q7NAH7,1
Q7NAI9,1
Q7NAM0,1
Q7NAN0,1
Q7NAT8,1
Q7NB47,1
Q7NBM9,1
Q7NBP5,1
Q7NBS9,1
Q7NC67,1
Q8EUQ1,1
Q8EUW7,1
Q8EVF2,1
Q8EW03,1
Q8EW18,1
Q8EWB8,1
Q8EWQ5,1
Q8EWQ7,1
Q9KXP2,1
Q9KY07,1
Q9KYR6,1
Q9PHX1,1
Q9PHZ9,1
Q9PIA5,1
Q9PMK7,1
Q9PN98,1
Q9PNC0,1
Q9PNK3,1
Q9PNN2,1
Q9PPF4,1
Q9PPK3,1
Q9RDL5,1
Q9RKL1,1
Q9WX29,1
Q9X5M0,1
Q9X895,1
Q9X8I6,1
Q9Z578,1
Q9Z580,1
A0A0H2ZL64,2
A0A0H2ZMF9,2
A0A0H2ZNH9,2
A0MD28,2
A0QUZ2,2
A0QVH8,2
A0QX22,2
A0QZ49,2
A0R152,2
A0R6E0,2
A2T3P0,2
A2T3S5,2
C0RGW8,2
C7BKP9,2
O73556,2
P03132,2
P03252,2
P03353,2
P03363,2
P04584,2
P04936,2
P05962,2
P06210,2
P07564,2
P0C6U9,2
P0C6X8,2
P0DJY0,2
P0DTC1,2
P0DTD1,2
P12451,2
P12823,2
P14337,2
P14340,2
P15833,2
P17757,2
P18042,2
P18096,2
P20876,2
P23069,2
P24107,2
P26660,2
P26661,2
P27914,2
P29990,2
P29991,2
P35963,2
P51517,2
P51518,2
P95722,2
Q03495,2
Q52430,2
Q68749,2
Q74120,2
Q76634,2
Q89928,2
Q8B912,2
Q8BB16,2
Q99D35,2
Q99IB8,2
Q9AK25,2
Q9DHD6,2
Q9E6P2,2
Q9ILI5,2
Q9JGF2,2
Q9QAX1,2
Q9S2A5,2
Q9WDA6,2
Q9WJB2,2
Q9WNW0,2
Q9XA14,2
Q9YN02,2
Q9ZBQ7,2
A0QNL1,2
A0QNZ7,2
A0QRY6,2
A0QS29,2
A0QSC0,2
A0QV21,2
A0QVT2,2
A0QVY5,2
A0QWH0,2
A0QZ47,2
A0R0W9,2
A0R2G4,2
A0R2W9,2
A0R3C4,2
A0R563,2
A0R567,2
A0R619,2
A0R7G2,2
A1WHX2,2
A1WQF4,2
A4IKW6,2
A4IT57,2
A4ITV2,2
A4UHQ7,2
A6Q234,2
A6Q5H7,2
B8FXD7,2
B8FXD8,2
B9KXV3,2
B9UYK5,2
B9UYK7,2
C3LUP3,2
C6CRV0,2
D0KN27,2
D0LWB8,2
D3JV05,2
P03537,2
P06275,2
P0C0W0,2
P0C6K7,2
P11298,2
P12929,2
P18547,2
P26676,2
P36719,2
P36720,2
P50761,2
P50763,2
P50764,2
P52369,2
P81594,2
P89449,2
P89459,2
P94804,2
Q01002,2
Q09106,2
Q0P8U5,2
Q0PC20,2
Q21FY5,2
Q2VNF0,2
Q48NU4,2
Q67387,2
Q67620,2
Q6DPK1,2
Q6L1H9,2
Q6TG07,2
Q6XV43,2
Q75VQ4,2
Q7AKQ5,2
Q7NAZ2,2
Q8EUA6,2
Q93J06,2
Q9ADK0,2
Q9E6N3,2
Q9F315,2
Q9ILI6,2
Q9K4B1,2
Q9PM40,2
Q9PMS6,2
Q9QBF1,2
Q9RDE2,2
Q9S2H9,2
Q9ZBQ6,2
Q9ZFA4,2
Q9ZH58,2
A0A0H2ZQT7,2
A0A168WVR6,2
A0QNG3,2
A0QQ39,2
A0QQ98,2
A0QQH5,2
A0QRN6,2
A0QS28,2
A0QS30,2
A0QSY5,2
A0QU88,2
A0QV20,2
A0QV44,2
A0QW08,2
A0QWH4,2
A0QWH6,2
A0QX51,2
A0QX86,2
A0QX88,2
A0QYE0,2
A0QZY5,2
A0R080,2
A0R0N4,2
A0R0T0,2
A0R149,2
A0R2I7,2
A0R3E0,2
A0R3I7,2
A0R3Q8,2
A0R596,2
A0R5M9,2
A0R627,2
A1WEL1,2
A1WFG9,2
A1WFT0,2
A1WH14,2
A1WHV6,2
A1WI31,2
A1WIM3,2
A1WJ68,2
A1WK80,2
A1WM26,2
A1WMW1,2
A1WMW4,2
A1WP07,2
A1WPR5,2
A1WQ68,2
A1WRK0,2
A1WSJ3,2
A1WSK3,2
A1WSU0,2
A3PFL2,2
A3PFX4,2
A3PG34,2
A3PGF8,2
A3PHK4,2
A3PHQ9,2
A3PI75,2
A3PJ78,2
A3PK22,2
A3PL38,2
A3PLU2,2
A3PLU5,2
A3PM50,2
A3PMR3,2
A3PNE9,2
A3PNH5,2
A3PNJ7,2
A3PNS7,2
A3PQJ0,2
A4IJ95,2
A4IJS3,2
A4IJX2,2
A4IKW7,2
A4IM26,2
A4IM52,2
A4IM67,2
A4IM80,2
A4IM88,2
A4IMK1,2
A4IMP1,2
A4IMP4,2
A4INW9,2
A4IPB6,2
A4IQ49,2
A4IQS0,2
A4IR02,2
A4IR35,2
A4IR66,2
A4IR99,2
A4IRB2,2
A4IRC7,2
A4IRL1,2
A4ISE0,2
A4ISR4,2
A4IT60,2
A4ITX1,2
A4WNJ6,2
A4WNL5,2
A4WNV1,2
A4WPB7,2
A4WQ13,2
A4WR75,2
A4WRK9,2
A4WRQ0,2
A4WRW7,2
A4WRX0,2
A4WUN2,2
A4WVP5,2
A4WVR6,2
A4WVZ0,2
A4WW31,2
A4WW38,2
A4WWA0,2
A4WWQ0,2
A4WWS1,2
A4WX64,2
A4WX88,2
A4WZ45,2
A4ZHR8,2
A6Q128,2
A6Q1H0,2
A6Q1P1,2
A6Q1X7,2
A6Q223,2
A6Q241,2
A6Q2W6,2
A6Q349,2
A6Q3D6,2
A6Q3Q1,2
A6Q4D2,2
A6Q4D7,2
A6Q5J3,2
A6Q652,2
A9WVU2,2
A9WW41,2
A9WW49,2
A9WW52,2
A9WWH9,2
A9WWI1,2
A9WWU1,2
A9WWW9,2
A9WZ75,2
A9WZF8,2
B0CGM4,2
B0CGM5,2
B0CGU2,2
B0CHL2,2
B0CIQ3,2
B0CIQ7,2
B0CIU0,2
B0CJG2,2
B0CJI0,2
B0CK74,2
B0CKG2,2
B0CKY7,2
B8FP05,2
B8FP22,2
B8FQT8,2
B8FQV5,2
B8FQV7,2
B8FRG9,2
B8FRK8,2
B8FT17,2
B8FU83,2
B8FUP2,2
B8FUR9,2
B8FWD3,2
B8FX50,2
B8FZR4,2
B8G120,2
B8G1J0,2
B9KXM8,2
B9KYE6,2
B9KYK0,2
B9KYW4,2
B9KZ09,2
B9KZ23,2
B9KZ37,2
B9KZ87,2
B9L101,2
B9L111,2
B9L1Z5,2
B9L3S8,2
C0RE63,2
C0REW5,2
C0REW7,2
C0RF67,2
C0RFI1,2
C0RFW8,2
C0RG65,2
C0RGK0,2
C0RGK4,2
C0RH97,2
C0RI03,2
C0RJ47,2
C0RJ48,2
C0RJB4,2
C0RLT3,2
C0RM19,2
C0RMH0,2
C0RMH8,2
C0RMI1,2
C3LLQ0,2
C3LLQ1,2
C3LLS7,2
C3LLT8,2
C3LNE8,2
C3LNF0,2
C3LNF3,2
C3LPF7,2
C3LPN8,2
C3LPP0,2
C3LPT4,2
C3LQ18,2
C3LQD2,2
C3LQF1,2
C3LQI3,2
C3LQN2,2
C3LQR1,2
C3LQU1,2
C3LQY9,2
C3LR04,2
C3LR06,2
C3LR42,2
C3LR47,2
C3LR63,2
C3LRK7,2
C3LRV6,2
C3LS16,2
C3LSA4,2
C3LSG8,2
C3LSH8,2
C3LST8,2
C3LSU7,2
C3LSV6,2
C3LUK2,2
C3LWT7,2
C3MJ44,2
C3MJB8,2
C3MJC4,2
C3MKC9,2
C3MPN4,2
C3MQ16,2
C3MQK7,2
C3MR62,2
C3MRE5,2
C3NF46,2
C3NFX2,2
C3NGB7,2
C3NGV9,2
C3NHF1,2
C3NHT9,2
C3NJ74,2
C3NJ80,2
C3NMU5,2
C7NQ99,2
D0KQM8,2
D0KRX1,2
D0KTH0,2
D2PDG6,2
D2PK63,2
E1ACR1,2
E6ENP9,2
F0KKL2,2
O14412,2
O33565,2
O39988,2
O40958,2
O52353,2
O54134,2
O54161,2
O69300,2
O69873,2
O69979,2
O69989,2
O86507,2
O86508,2
O86737,2
O86820,2
O88011,2
P03112,2
P06489,2
P07883,2
P07918,2
P0A3Z1,2
P0A3Z3,2
P0A3Z7,2
P0CB00,2
P0CB01,2
P0DW07,2
P10439,2
P14597,2
P15419,2
P15736,2
P16249,2
P25465,2
P25466,2
P45497,2
P50760,2
P51594,2
P51894,2
P52156,2
P54093,2
P57666,2
P59945,2
P87563,2
P89453,2
Q01013,2
Q01014,2
Q01056,2
Q02512,2
Q04J42,2
Q04JC5,2
Q04JN6,2
Q04JT5,2
Q04K72,2
Q04KB7,2
Q04KF4,2
Q04KF8,2
Q04KF9,2
Q04KK7,2
Q04KR8,2
Q04KS5,2
Q04L26,2
Q04L84,2
Q04LL3,2
Q04M23,2
Q04M67,2
Q04M70,2
Q04M97,2
Q04MF9,2
Q04MI9,2
Q04N19,2
Q05111,2
Q05135,2
Q07847,2
Q0P8J7,2
Q0P8T0,2
Q0P8U2,2
Q0P9K4,2
Q0P9V4,2
Q0PA35,2
Q0PA50,2
Q0PBE9,2
Q0PC41,2
Q20PL7,2
Q21DG1,2
Q21EE3,2
Q21F24,2
Q21FQ0,2
Q21FT3,2
Q21G20,2
Q21H72,2
Q21H92,2
Q21HG2,2
Q21HI6,2
Q21HN4,2
Q21HN6,2
Q21I23,2
Q21IH3,2
Q21II7,2
Q21IQ9,2
Q21J46,2
Q21JE9,2
Q21JT2,2
Q21KZ5,2
Q21L89,2
Q21M07,2
Q21MG3,2
Q21NB9,2
Q21P94,2
Q2JIE6,2
Q2JJ90,2
Q2JJG9,2
Q2JJZ9,2
Q2JK61,2
Q2JKK9,2
Q2JKL5,2
Q2JN09,2
Q2JNP0,2
Q2JP15,2
Q2JP68,2
Q2JPK0,2
Q2JPT8,2
Q2JPX4,2
Q2JQ25,2
Q2JQ88,2
Q2VNE6,2
Q31DJ0,2
Q31DQ5,2
Q31E66,2
Q31EB2,2
Q31EL5,2
Q31ET3,2
Q31FD3,2
Q31FH4,2
Q31FI6,2
Q31FY5,2
Q31G32,2
Q31G37,2
Q31G41,2
Q31G56,2
Q31GE9,2
Q31H49,2
Q31H51,2
Q31H83,2
Q31H85,2
Q31HL9,2
Q31HP5,2
Q31HQ4,2
Q31I39,2
Q31ID1,2
Q31II8,2
Q31IL7,2
Q31IT4,2
Q31J37,2
Q31J60,2
Q31JB0,2
Q3IX60,2
Q3IX78,2
Q3IXX9,2
Q3IY64,2
Q3IYB9,2
Q3IYC6,2
Q3IYH3,2
Q3IYQ0,2
Q3IYS2,2
Q3IYU8,2
Q3J049,2
Q3J086,2
Q3J0F5,2
Q3J0F8,2
Q3J154,2
Q3J1W3,2
Q3J290,2
Q3J436,2
Q3J474,2
Q3J4K2,2
Q3J4P0,2
Q3J5H6,2
Q3J5W1,2
Q3J653,2
Q3J6B2,2
Q3J6H3,2
Q48BF3,2
Q48C78,2
Q48CD3,2
Q48CK1,2
Q48D01,2
Q48DE6,2
Q48E97,2
Q48EG4,2
Q48EU9,2
Q48EV0,2
Q48EV3,2
Q48F11,2
Q48F12,2
Q48F23,2
Q48F49,2
Q48F57,2
Q48F73,2
Q48FC3,2
Q48FC5,2
Q48G22,2
Q48GG6,2
Q48HJ1,2
Q48HZ0,2
Q48IH8,2
Q48JI5,2
Q48KB0,2
Q48KM6,2
Q48KS9,2
Q48KX6,2
Q48KX8,2
Q48KZ8,2
Q48L09,2
Q48LP5,2
Q48LS4,2
Q48LT4,2
Q48ND9,2
Q48NL2,2
Q48NS2,2
Q48P11,2
Q48PI4,2
Q48PJ7,2
Q48PK8,2
Q48PL3,2
Q53158,2
Q66641,2
Q66666,2
Q6DNX9,2
Q6KZ38,2
Q6KZ41,2
Q6KZB3,2
Q6KZD3,2
Q6KZJ4,2
Q6KZK4,2
Q6L046,2
Q6L0V9,2
Q6L181,2
Q6L1F5,2
Q6L1J7,2
Q6L1K9,2
Q6L1R3,2
Q6L2I9,2
Q6L2W1,2
Q6WNV6,2
Q7NAD9,2
Q7NAE4,2
Q7NAT2,2
Q7NB30,2
Q7NBA9,2
Q7NBQ3,2
Q80902,2
Q80909,2
Q80922,2
Q83943,2
Q89269,2
Q8EUL6,2
Q8EUV6,2
Q8EV77,2
Q8EV80,2
Q8EVN6,2
Q8EVW9,2
Q8EWL0,2
Q8EWM7,2
Q8EWS0,2
Q8EWT2,2
Q8EWZ9,2
Q93RZ5,2
Q96629,2
Q9E6N9,2
Q9E6Q5,2
Q9FC33,2
Q9FC36,2
Q9FCA2,2
Q9FCD3,2
Q9K3J6,2
Q9K407,2
Q9K487,2
Q9K4F6,2
Q9KXN0,2
Q9KXR3,2
Q9KY50,2
Q9KZ78,2
Q9KZM1,2
Q9L287,2
Q9L289,2
Q9L291,2
Q9PHK9,2
Q9PHM9,2
Q9PHZ7,2
Q9PIS4,2
Q9PIZ5,2
Q9PJA1,2
Q9PLU8,2
Q9PM39,2
Q9PM71,2
Q9PM75,2
Q9PM76,2
Q9PMT7,2
Q9PN07,2
Q9PN78,2
Q9PN90,2
Q9PNR1,2
Q9PNX9,2
Q9PNY2,2
Q9PP04,2
Q9RDC9,2
Q9RDE4,2
Q9RDE5,2
Q9RI72,2
Q9RK81,2
Q9RKB9,2
Q9RKK6,2
Q9RKU5,2
Q9S281,2
Q9S2N2,2
Q9S2Q7,2
Q9S2U1,2
Q9S2X7,2
Q9WAB1,2
Q9X7M4,2
Q9X7N2,2
Q9X7R6,2
Q9X7R9,2
Q9X7T2,2
Q9X8I3,2
Q9X8I9,2
Q9X8W0,2
Q9XA15,2
Q9XAB7,2
Q9XAK6,2
Q9ZBT9,2
S8ASK9,2
A0QQP8,2
A0QRJ0,2
A0QTE5,2
A0QV01,2
A0QV24,2
A0QWQ5,2
A0QYE2,2
A0QZE3,2
A0QZX2,2
A0R1Z0,2
A0R3D3,2
A1WE26,2
A1WFS9,2
A1WH77,2
A1WIM4,2
A1WIM6,2
A1WKI2,2
A1WQ64,2
A1WR17,2
A3PGZ4,2
A3PH01,2
A3PI61,2
A3PIB4,2
A3PIP7,2
A3PIZ9,2
A3PJD6,2
A3PKS1,2
A3PL41,2
A3PL42,2
A3PLU3,2
A3PML9,2
A3PMX6,2
A3PN16,2
A3PN31,2
A3PNX3,2
A3PNY0,2
A3PRU3,2
A3PRW1,2
A4IJC9,2
A4IKB1,2
A4IKQ7,2
A4IL88,2
A4ILL6,2
A4ILT6,2
A4IM31,2
A4IMB9,2
A4IMH1,2
A4IN19,2
A4IPX2,2
A4IQR9,2
A4IR19,2
A4IR78,2
A4ISQ2,2
A4ITQ2,2
A4ITX4,2
A4WNM9,2
A4WP35,2
A4WPE4,2
A4WQ76,2
A4WQ81,2
A4WR72,2
A4WR73,2
A4WRW9,2
A4WSH8,2
A4WTH0,2
A4WTQ6,2
A4WU04,2
A4WUS9,2
A4WWV6,2
A4WZQ4,2
A6Q1C1,2
A6Q232,2
A6Q339,2
A6Q3D2,2
A6Q3V4,2
A6Q441,2
A6Q4L7,2
A6Q573,2
A9WVV8,2
A9WW33,2
A9WWF2,2
A9WWT8,2
A9WWW1,2
A9WY35,2
A9WYR6,2
A9WZ60,2
B0CGR1,2
B0CHX5,2
B0CJI7,2
B0CJJ7,2
B0CK02,2
B0CLL1,2
B8FPU4,2
B8FQB9,2
B8FQZ6,2
B8FRL9,2
B8FS81,2
B8FSV8,2
B8FTP6,2
B8FUL3,2
B8FYS8,2
B8FZA5,2
B9KYQ3,2
B9L0C1,2
C0REH2,2
C0REU2,2
C0RF64,2
C0RF85,2
C0RFX4,2
C0RFY3,2
C0RG38,2
C0RIL9,2
C0RJ81,2
C0RLB8,2
C0RLR7,2
C0RM93,2
C0RMG2,2
C3LLY1,2
C3LMQ4,2
C3LNM6,2
C3LP79,2
C3LPI9,2
C3LQ48,2
C3LQD1,2
C3LQR0,2
C3LRF4,2
C3LRH2,2
C3LRY3,2
C3LS21,2
C3LT19,2
C3LTE1,2
C3LTK8,2
C3LU14,2
C3LVM1,2
C3LW40,2
C3LW69,2
C3LWF8,2
C3LX01,2
C3MJ30,2
C3MJA1,2
C3MJC8,2
C3MJN7,2
C3MP49,2
C3MPC7,2
C3MPH2,2
C3MPU9,2
C3MQ42,2
C3MQ90,2
C3MQI3,2
C3MR15,2
C3NF60,2
C3NGF2,2
C3NGY3,2
C3NH77,2
C3NHC7,2
C3NHM4,2
C3NHZ9,2
C3NJ57,2
C3NJ84,2
C3NJZ2,2
C3NL04,2
C3NMG3,2
C3NMR0,2
D0LI56,2
D0LI57,2
O50523,2
O69809,2
O86509,2
O86835,2
P06618,2
P0CB02,2
P13158,2
P28275,2
P28277,2
P42510,2
P45493,2
P48206,2
P50935,2
P53433,2
P53765,2
P54413,2
P57755,2
P68339,2
P68340,2
P89438,2
P89469,2
Q01019,2
Q01020,2
Q01034,2
Q04HV8,2
Q04I78,2
Q04ID0,2
Q04J36,2
Q04JL5,2
Q04JP7,2
Q04K41,2
Q04KB0,2
Q04KB1,2
Q04KE2,2
Q04KW1,2
Q04L01,2
Q04L55,2
Q04LF4,2
Q04MP8,2
Q04N59,2
Q0P899,2
Q21DF8,2
Q21EI6,2
Q21FH2,2
Q21FJ6,2
Q21FL6,2
Q21FP9,2
Q21FZ9,2
Q21G19,2
Q21GQ5,2
Q21IS0,2
Q21K93,2
Q21KA9,2
Q21MT2,2
Q21NW8,2
Q21P95,2
Q21P96,2
Q21PV5,2
Q2JHM1,2
Q2JHS3,2
Q2JIP1,2
Q2JJ72,2
Q2JKD4,2
Q2JKS4,2
Q2JNF7,2
Q2JNH2,2
Q2JNH4,2
Q2JPJ7,2
Q2JQ26,2
Q2JQ51,2
Q31E63,2
Q31EC7,2
Q31EF8,2
Q31EK3,2
Q31F55,2
Q31F68,2
Q31G71,2
Q31GF1,2
Q31GX8,2
Q31HS1,2
Q31HZ4,2
Q31IF2,2
Q31IN3,2
Q31J84,2
Q3IW83,2
Q3IYH0,2
Q3IZ66,2
Q3IZC1,2
Q3IZN0,2
Q3J0B2,2
Q3J0F7,2
Q3J151,2
Q3J1G6,2
Q3J2Z5,2
Q3J3D0,2
Q3J3N4,2
Q3J3U4,2
Q3J5D3,2
Q3J5E0,2
Q48BF0,2
Q48CC6,2
Q48DE7,2
Q48DF0,2
Q48DN6,2
Q48ET5,2
Q48F87,2
Q48FR0,2
Q48G20,2
Q48HN1,2
Q48HR7,2
Q48KS4,2
Q48KZ0,2
Q48L46,2
Q48L80,2
Q48LY3,2
Q48MQ5,2
Q48MQ6,2
Q48MQ7,2
Q48MW1,2
Q48ND8,2
Q48NT9,2
Q48P10,2
Q48P91,2
Q48PB5,2
Q48PJ8,2
Q48Q06,2
Q48Q55,2
Q66632,2
Q66647,2
Q66656,2
Q6KZ11,2
Q6KZ42,2
Q6L0A8,2
Q6L1T6,2
Q6L2I0,2
Q6L2J8,2
Q6L2M8,2
Q6L2Q7,2
Q7NAK8,2
Q7NAQ7,2
Q7NB09,2
Q7NB85,2
Q7NBY7,2
Q8EU90,2
Q8EUF1,2
Q8EUR7,2
Q8EVJ8,2
Q8EVM0,2
Q8EW68,2
Q8EWQ8,2
Q8RLD7,2
Q938B4,2
Q9E6M6,2
Q9E6N0,2
Q9E6Q2,2
Q9E6R1,2
Q9E6R2,2
Q9EWK0,2
Q9EWV6,2
Q9EX12,2
Q9F2V2,2
Q9F344,2
Q9F3E6,2
Q9FBM3,2
Q9FBM4,2
Q9FCD1,2
Q9FCD2,2
Q9FCD7,2
Q9K3T8,2
Q9K3Z0,2
Q9K4A0,2
Q9K4C3,2
Q9KXQ0,2
Q9KYS0,2
Q9L082,2
Q9L0L6,2
Q9L2L4,2
Q9PHN2,2
Q9PHT5,2
Q9PI04,2
Q9PIH4,2
Q9PII7,2
Q9PIK6,2
Q9PIT8,2
Q9PJ06,2
Q9PJ40,2
Q9PMC8,2
Q9PN86,2
Q9PNM6,2
Q9PNX5,2
Q9PP77,2
Q9RD27,2
Q9RFF5,2
Q9RJ79,2
Q9RJN1,2
Q9RKN3,2
Q9RKU4,2
Q9RL45,2
Q9RL48,2
Q9S208,2
Q9S266,2
Q9S2L4,2
Q9XA76,2
Q9XAQ2,2
Q9Z4V8,2
Q9ZBI5,2
Q9ZBQ3,2
A4ILB9,2
Q2JI31,2
Q48DL2,2
Q6L032,2
A0QQJ4,3
A0QXD8,3
A0QXX7,3
A0QYC2,3
A0QYE8,3
A0R2B1,3
A0R4Q6,3
A0R4Y3,3
A0R607,3
A0R6D0,3
A4IU28,3
P32021,3
P42829,3
P71534,3
P89462,3
Q0P8H3,3
Q0P8I7,3
Q2JJF6,3
Q3L887,3
Q48GW3,3
Q53176,3
Q6L047,3
Q6L285,3
Q9F3C7,3
Q9FCA6,3
Q9K3J3,3
Q9K498,3
Q9KZF5,3
Q9RJH9,3
Q9ZBU1,3
Q9ZHC5,3
A0A0H2ZM56,3
A0QSB8,3
A0QTF8,3
A0QTG1,3
A0QTU8,3
A0QV09,3
A0QVQ8,3
A0QWW2,3
A0QYP1,3
A0R0W2,3
A0R1C2,3
A0R4R3,3
A0R4S9,3
A0R5N0,3
A0R609,3
A4IP64,3
A4ISB9,3
A4IT51,3
A8Y9F0,3
C3LSI3,3
D0LZ73,3
E1ACP7,3
F0KFI5,3
F0KFI7,3
I7FA35,3
O51917,3
P0CG99,3
P0CH00,3
P0CH36,3
P0CH37,3
P51008,3
P72324,3
P80735,3
Q04K99,3
Q04M32,3
Q06539,3
Q21DT6,3
Q21K21,3
Q2JP67,3
Q2JPR2,3
Q31GG8,3
Q3IXW9,3
Q3IZ91,3
Q48H75,3
Q48HZ1,3
Q48MT7,3
Q59291,3
Q7WTJ2,3
Q93RV9,3
Q9FBT8,3
Q9PHN5,3
Q9RFD6,3
Q9Z4Z5,3
Q9Z518,3
Q9Z565,3
A0QP90,3
A0QQZ3,3
A0QR17,3
A0QRI8,3
A0QSB9,3
A0QSY5,3
A0QTU9,3
A0QUX8,3
A0QVH7,3
A0QVL2,3
A0QVR3,3
A0QW25,3
A0QZY9,3
A0R115,3
A0R1T3,3
A0R1T4,3
A0R1V9,3
A0R420,3
A0R4H4,3
A0R4Z9,3
A0R502,3
A0R525,3
A0R610,3
A0R647,3
A0R652,3
A0R665,3
A0R692,3
A1WDX8,3
A1WGI4,3
A1WH84,3
A1WHG6,3
A1WI55,3
A1WJ68,3
A1WJ81,3
A1WJY8,3
A1WL02,3
A1WS75,3
A3PGE9,3
A3PH14,3
A3PHT1,3
A3PI00,3
A3PIG5,3
A3PJG0,3
A3PK36,3
A3PL16,3
A3PL17,3
A3PL19,3
A3PLS9,3
A3PM50,3
A3PN03,3
A3PNF3,3
A3PNT1,3
A3PQD8,3
A3PQK0,3
A4IKB7,3
A4IKL5,3
A4IL46,3
A4ILI2,3
A4ILL8,3
A4ILP0,3
A4ILW9,3
A4IM35,3
A4IMT6,3
A4INM5,3
A4IP94,3
A4IPB2,3
A4IPF5,3
A4IQ67,3
A4IQA1,3
A4IQS0,3
A4IQZ4,3
A4IR05,3
A4IRG7,3
A4IRH9,3
A4IT49,3
A4IT59,3
A4ITP5,3
A4WQ13,3
A4WQ93,3
A4WQD8,3
A4WQY7,3
A4WR94,3
A4WR96,3
A4WR97,3
A4WUH5,3
A4WUY6,3
A4WVQ4,3
A4WVZ4,3
A4WWP7,3
A4WXS6,3
A4WZ55,3
A6Q0W4,3
A6Q1U2,3
A6Q2R7,3
A6Q2V6,3
A6Q2W6,3
A6Q3B2,3
A6Q3S5,3
A6Q461,3
A6Q596,3
A6Q604,3
A8Y9D8,3
A8Y9F5,3
A9WWQ2,3
A9WZ75,3
B0CGJ9,3
B0CGY1,3
B0CHG8,3
B0CHL8,3
B0CIE1,3
B0CJG9,3
B0CJU0,3
B0CKA2,3
B0CKN3,3
B0CKN4,3
B0CLB4,3
B8FQZ3,3
B8FR31,3
B8FU98,3
B8FWP2,3
B8G2M3,3
B9KY70,3
B9KYS1,3
B9KZ23,3
B9KZP8,3
B9L006,3
B9L0Q1,3
B9L0W9,3
C0RE20,3
C0RE68,3
C0REI6,3
C0RF32,3
C0RFD3,3
C0RFV7,3
C0RH28,3
C0RHC3,3
C0RHQ3,3
C0RIC2,3
C0RJ23,3
C0RJF0,3
C0RLT3,3
C3LMH4,3
C3LMN9,3
C3LP59,3
C3LPC8,3
C3LPC9,3
C3LPI5,3
C3LQ01,3
C3LQ26,3
C3LQT6,3
C3LRB7,3
C3LRB8,3
C3LRW2,3
C3LUL9,3
C3LVU3,3
C3LWF0,3
C3LWP7,3
C3LWZ1,3
C3MJ24,3
C3MQ22,3
C3MQK4,3
C3MQN0,3
C3MRB8,3
C3NF67,3
C3NG01,3
C3NGT6,3
C3NGW2,3
C3NHE5,3
C6CXN6,3
E1ACP9,3
E1ACQ2,3
E1ACQ3,3
E1ACQ4,3
E1ACQ9,3
E1ACR0,3
E6ESW1,3
O22380,3
O52354,3
O54143,3
O69830,3
O69981,3
O86504,3
O86836,3
P06617,3
P09503,3
P09853,3
P0C632,3
P16245,3
P16544,3
P22573,3
P27421,3
P33770,3
P52215,3
P54895,3
P69520,3
P69521,3
P95651,3
Q01037,3
Q01038,3
Q01671,3
Q02431,3
Q02432,3
Q04I82,3
Q04JB8,3
Q04JJ1,3
Q04JV9,3
Q04JX1,3
Q04L84,3
Q0P891,3
Q0PA35,3
Q21E80,3
Q21FC9,3
Q21FM2,3
Q21H39,3
Q21HE4,3
Q21HH8,3
Q21HK6,3
Q21HN0,3
Q21IG1,3
Q21IX1,3
Q21IY5,3
Q21JE9,3
Q21JW9,3
Q21KP6,3
Q21KT3,3
Q21LJ5,3
Q21LK8,3
Q21MI4,3
Q21MQ9,3
Q21MS9,3
Q21PN1,3
Q21PT9,3
Q21PU0,3
Q2JJF3,3
Q2JJG8,3
Q2JJM9,3
Q2JJQ1,3
Q2JKN5,3
Q2JKQ8,3
Q2JKT8,3
Q2JL30,3
Q2JM39,3
Q2JMP3,3
Q2JMP5,3
Q2JMQ3,3
Q2JNW5,3
Q2JP78,3
Q2JPE4,3
Q2JPZ9,3
Q2JQ25,3
Q2JQ89,3
Q2JQ90,3
Q31DJ4,3
Q31DX4,3
Q31E41,3
Q31E81,3
Q31FY5,3
Q31GW8,3
Q31GY9,3
Q31HI0,3
Q31HQ4,3
Q31HZ1,3
Q31IE5,3
Q31IH6,3
Q31IN7,3
Q31IR4,3
Q31JC4,3
Q31JE7,3
Q3IVU8,3
Q3IYG9,3
Q3IYU4,3
Q3IZ94,3
Q3IZJ3,3
Q3J049,3
Q3J079,3
Q3J0H1,3
Q3J1A0,3
Q3J277,3
Q3J2X1,3
Q3J3Y3,3
Q3J4E9,3
Q3J4L9,3
Q3J5C0,3
Q3J5X0,3
Q3J6D1,3
Q3J6K9,3
Q46106,3
Q48CM6,3
Q48CM7,3
Q48CT3,3
Q48E42,3
Q48E64,3
Q48EC9,3
Q48F65,3
Q48GS7,3
Q48HJ1,3
Q48JI0,3
Q48JY0,3
Q48K59,3
Q48K97,3
Q48KI2,3
Q48KM7,3
Q48KQ3,3
Q48KZ8,3
Q48L51,3
Q48LC8,3
Q48LF6,3
Q48LQ7,3
Q48LZ4,3
Q48MQ8,3
Q48MV5,3
Q48N66,3
Q48NK3,3
Q48NN7,3
Q48NP2,3
Q48QH6,3
Q50441,3
Q52419,3
Q53229,3
Q53239,3
Q59296,3
Q66662,3
Q66663,3
Q6KYZ5,3
Q6KZD1,3
Q6L046,3
Q6L0J9,3
Q6L0M1,3
Q6L0R7,3
Q6L125,3
Q6L140,3
Q6L1C8,3
Q6L240,3
Q77MS0,3
Q77MS1,3
Q7AKI6,3
Q7BS32,3
Q7NAE4,3
Q7NAW1,3
Q7NBH3,3
Q7NC17,3
Q7WTJ6,3
Q8EUG3,3
Q8EUI6,3
Q8EUY2,3
Q8EV80,3
Q8EWH5,3
Q8EWL4,3
Q8EWQ6,3
Q8EWR9,3
Q93RX5,3
Q9ADG3,3
Q9AK84,3
Q9EWF7,3
Q9FAW5,3
Q9FBM1,3
Q9K3J6,3
Q9K3V7,3
Q9KXR7,3
Q9KYR9,3
Q9KYS1,3
Q9KZK8,3
Q9L0L7,3
Q9L233,3
Q9PHR3,3
Q9PHX2,3
Q9PIC3,3
Q9PIS0,3
Q9PIT2,3
Q9PLV4,3
Q9PLW0,3
Q9PM01,3
Q9PM77,3
Q9PMV3,3
Q9PN30,3
Q9PN58,3
Q9PN99,3
Q9PPD9,3
Q9PPE0,3
Q9PPM1,3
Q9RFD3,3
Q9RFD4,3
Q9RKB5,3
Q9RKF1,3
Q9S1U6,3
Q9S2B5,3
Q9S2F4,3
Q9S2N0,3
Q9WX15,3
Q9X7W2,3
Q9X8N8,3
Q9XAP2,3
Q9XC20,3
Q9Z377,3
Q9Z598,3
Q9Z5D9,3
Q9ZBS0,3
S7Z6X4,3
S7ZC70,3
S7ZC75,3
S7ZFL7,3
S7ZK59,3
S7ZK63,3
S8ASK3,3
S8AWN7,3
S8AWP5,3
S8B3I0,3
A0QPD3,3
A0QSU4,3
A0QV10,3
A0QZU1,3
A0R0B0,3
A0R191,3
A0R4Q0,3
A0R4S7,3
A0R518,3
A0R635,3
A1WIJ3,3
A1WLL3,3
A1WMG0,3
A1WQW2,3
A1WR02,3
A3PI15,3
A3PMI4,3
A3PN14,3
A3PQJ2,3
A3PRF6,3
A3PRX7,3
A4IJP9,3
A4IMR6,3
A4INR2,3
A4IPF0,3
A4IPN4,3
A4IQK7,3
A4IQV4,3
A4IRP9,3
A4ISE6,3
A4IT43,3
A4WNM7,3
A4WPI0,3
A4WUX2,3
A6Q367,3
A6Q388,3
A6Q3B4,3
A6Q418,3
A9WVT6,3
A9WW77,3
A9WWW7,3
A9WXF1,3
A9WZ04,3
A9WZ23,3
B0CIS7,3
B0CIT1,3
B0CLB5,3
B8FT31,3
B8FUB6,3
B8G186,3
B9KZ42,3
B9KZS7,3
B9L2J1,3
C0RF92,3
C0RFG8,3
C0RFH2,3
C0RIC3,3
C0RK37,3
C0RLN1,3
C0RM68,3
C0RMK6,3
C3LNU9,3
C3LPZ2,3
C3LRL2,3
C3LRS7,3
C3LT39,3
C3LUU7,3
C3LW14,3
C3LWV8,3
C3MPT5,3
C3MPT6,3
C3NHN7,3
C3NHN8,3
D0LI58,3
E1ACP6,3
E1ACQ8,3
E1ACR2,3
O07299,3
P42534,3
P53000,3
P54980,3
P56954,3
Q02058,3
Q02430,3
Q04JI5,3
Q04K71,3
Q04KZ2,3
Q04M75,3
Q04MY5,3
Q0PBW9,3
Q21GW0,3
Q21HU3,3
Q21JK7,3
Q21K60,3
Q21L55,3
Q21LK2,3
Q2JHA7,3
Q2JN71,3
Q3IX44,3
Q3IXK6,3
Q3IXX7,3
Q3IZ83,3
Q3IZR5,3
Q3J4D4,3
Q3J4H6,3
Q48CJ2,3
Q48CT5,3
Q48DL4,3
Q48FL6,3
Q48FR2,3
Q48G19,3
Q48GY3,3
Q48H03,3
Q48KI8,3
Q48ME3,3
Q48MQ4,3
Q48PZ1,3
Q6L0C3,3
Q6L1Y6,3
Q6L2S4,3
Q7NBE9,3
Q8EVK2,3
Q8EWR4,3
Q9PHN0,3
Q9PHY2,3
Q9RDK1,3
Q9RJZ6,3
Q9RL17,3
Q9X7U5,3
S7ZFL4,3
S8B3I4,3
Q9FBN0,3
Q9FBV0,3
A0QNE0,4
A0R5D9,4
A0R6E0,4
P16250,4
Q48GW3,4
A0QPN2,4
A0QQU5,4
A0QSK5,4
A0QXE5,4
A0R3N5,4
A0R756,4
A0R757,4
A3PL07,4
A4IKW6,4
A4WRA6,4
B8FXD7,4
B8FXD8,4
C3LSI3,4
P21558,4
P33158,4
P48354,4
Q01490,4
Q3IZ90,4
Q3IZP4,4
Q9JN65,4
Q9PLZ2,4
Q9PMN3,4
Q9X909,4
Q9Z520,4
A0QPN1,4
A0QR33,4
A0QSQ1,4
A0QSR6,4
A0QSS4,4
A0QU81,4
A0QVY0,4
A0R199,4
A0R1X0,4
A0R3N9,4
A0R4D2,4
A0R5C5,4
A0R6J8,4
A0R7G6,4
A1WDX2,4
A1WEE4,4
A1WJR4,4
A1WL05,4
A1WMA0,4
A1WQY3,4
A1WR16,4
A1WSF3,4
A3PID0,4
A3PIR7,4
A3PJI8,4
A3PKL8,4
A3PLW1,4
A3PMX9,4
A4IJL9,4
A4IJN4,4
A4IJV3,4
A4IKL1,4
A4IKW7,4
A4ILL1,4
A4ILL5,4
A4IRG2,4
A4IRH3,4
A4ISB8,4
A4ISE8,4
A4ISP5,4
A4ISP6,4
A4IT64,4
A4WPU4,4
A4WQ91,4
A4WRF5,4
A4WS82,4
A4WTF5,4
A4WUL5,4
A4WWV3,4
A6Q160,4
A6Q164,4
A6Q1C0,4
A6Q1W0,4
A6Q2B4,4
A6Q2U7,4
A6Q2X6,4
A6Q4Z5,4
A6Q538,4
A9WVT5,4
A9WW43,4
A9WW62,4
A9WWG7,4
A9WXQ0,4
A9WYA0,4
B0CIT6,4
B0CJR3,4
B0CK19,4
B8FNT7,4
B8FPN5,4
B8FRM1,4
B8FSD4,4
B8G1G1,4
B8G2L6,4
B9KYD3,4
B9KYT9,4
B9L0Q2,4
B9L1E4,4
C0RFH7,4
C0RG54,4
C0RH03,4
C0RKD5,4
C0RMH2,4
C0RMJ1,4
C3LMG6,4
C3LNM7,4
C3LQC0,4
C3LQK1,4
C3LR68,4
C3LRA6,4
C3LSN1,4
C3LTP7,4
C3MJQ6,4
C3MPN7,4
C3NHT6,4
C3NMP1,4
O69289,4
O69969,4
O86776,4
O86786,4
O87667,4
O88015,4
P21557,4
P35885,4
P35886,4
P40171,4
P47719,4
P47720,4
Q03470,4
Q04I16,4
Q04IA2,4
Q04IQ3,4
Q04J74,4
Q04JB4,4
Q04JF7,4
Q04JH4,4
Q04JI8,4
Q04KF8,4
Q04L81,4
Q04L82,4
Q04M73,4
Q04M86,4
Q21F87,4
Q21H51,4
Q21KB0,4
Q21M11,4
Q21M18,4
Q21MD3,4
Q21MJ0,4
Q21MS8,4
Q21NH1,4
Q21P78,4
Q2JHU0,4
Q2JIE9,4
Q2JJQ9,4
Q2JKV7,4
Q2JL43,4
Q2JLR0,4
Q2JMP7,4
Q2JQ33,4
Q31E77,4
Q31E87,4
Q31EW3,4
Q31F26,4
Q31FB1,4
Q31FG4,4
Q31GF2,4
Q31HG2,4
Q31HG3,4
Q31HH6,4
Q31I19,4
Q31IT1,4
Q3IW60,4
Q3IWG2,4
Q3IZB6,4
Q3IZB8,4
Q3J0D9,4
Q3J101,4
Q3J1L8,4
Q3J2U4,4
Q3J3L4,4
Q3J419,4
Q3J4D7,4
Q3J5C2,4
Q46108,4
Q48C02,4
Q48C87,4
Q48CC1,4
Q48DP1,4
Q48E72,4
Q48E73,4
Q48EI5,4
Q48FM6,4
Q48JS8,4
Q48K61,4
Q48KZ1,4
Q48N88,4
Q48NT5,4
Q48PY9,4
Q53876,4
Q59526,4
Q6L1A0,4
Q6L1K2,4
Q6L1R2,4
Q6L1S1,4
Q7MBB2,4
Q7NAQ4,4
Q7NAQ5,4
Q7NAQ9,4
Q7NBA6,4
Q8CXQ1,4
Q8CXQ7,4
Q8EV76,4
Q8EVU1,4
Q8EW33,4
Q8EW34,4
Q9F2S0,4
Q9F314,4
Q9KX58,4
Q9KXU5,4
Q9L0Z5,4
Q9L214,4
Q9PI71,4
Q9PIE2,4
Q9PM24,4
Q9PMD4,4
Q9PMD8,4
Q9PMK3,4
Q9PMQ6,4
Q9PNE6,4
Q9PP26,4
Q9PP70,4
Q9PP96,4
Q9RDH8,4
Q9RKF7,4
Q9X7Q6,4
Q9Z523,4
Q9Z528,4
Q9Z5B6,4
Q9Z5D3,4
S7ZEJ0,4
A0QT53,4
A1WLI1,4
A1WR23,4
A3PH12,4
A3PI63,4
A3PK37,4
A3PL91,4
A3PLM1,4
A3PNF6,4
A3PNM4,4
A3PPJ8,4
A3PPV2,4
A4IKU2,4
A4IME0,4
A4IP67,4
A4IP75,4
A4IPA1,4
A4IPB4,4
A4IQ83,4
A4ISR3,4
A4WQX2,4
A4WQY6,4
A4WUS7,4
A4WV81,4
A4WVT8,4
A4WWP4,4
A6Q1S6,4
A6Q4V9,4
A6Q504,4
A6Q522,4
A9WWR5,4
A9WZA1,4
B0CGZ3,4
B0CJI5,4
B0CJK9,4
B0CK13,4
B0CKM9,4
B8FP23,4
B8FVH4,4
B9KXJ4,4
C0RFX2,4
C0RFZ5,4
C0RHQ0,4
C0RJG2,4
C3LNA0,4
C3LPZ8,4
C3LR22,4
C3LS20,4
C3LSP4,4
C3LSQ0,4
C3MJ22,4
C3MQZ8,4
C3NF69,4
C3NGG9,4
P50936,4
P59879,4
Q04IS7,4
Q04IY8,4
Q04KA7,4
Q04KC1,4
Q04KC2,4
Q04KU8,4
Q0PAS1,4
Q21H63,4
Q21MP3,4
Q21NH6,4
Q2JK82,4
Q2JPT2,4
Q31E65,4
Q31FB3,4
Q31GK3,4
Q31J61,4
Q3IYM4,4
Q3IYU1,4
Q3J0N0,4
Q3J276,4
Q48C80,4
Q48E79,4
Q48F86,4
Q48J73,4
Q48L25,4
Q5XQP9,4
Q6KZJ6,4
Q6L0Y7,4
Q6L227,4
Q6L2G9,4
Q8CXQ2,4
Q8EWM9,4
Q9L0B8,4
Q9PIF3,4
Q9PIM5,4
Q9PM74,4
Q9PNJ2,4
Q9X4E3,4
Q9Z596,4
Q0P9C4,5
A0R3A7,5
A0R3Y2,5
A0R6H8,5
Q8RK01,5
Q9K451,5
Q9X813,5
Q9X913,5
A0A0H2ZLL3,5
A0QQ70,5
A0QU26,5
A0QU28,5
A0QU29,5
A0QU35,5
A0QYG9,5
A0R200,5
A0R202,5
A0R4C0,5
A0R6H7,5
A1WF56,5
A1WF58,5
A1WLN6,5
A1WLP3,5
A1WLP4,5
A1WPS8,5
A3PIB7,5
A3PIB9,5
A3PIW9,5
A3PIX9,5
A3PIY2,5
A3PKI1,5
A3PKI2,5
A3PKI7,5
A3PNL7,5
A3PRP4,5
A3PRP7,5
A3PRY1,5
A3PS59,5
A3PS65,5
A4IST9,5
A4ISX2,5
A4ITI0,5
A4ITI6,5
A4ITI7,5
A4ITI9,5
A4ITJ1,5
A4WT69,5
A4WT70,5
A4WT80,5
A4WU21,5
A4WU33,5
A4WUM7,5
A4WUM9,5
A4WW84,5
A6Q1P4,5
A6Q1Q4,5
A6Q383,5
A6Q4C0,5
A6Q4C2,5
A8Y9D4,5
A8Y9D9,5
A8Y9E0,5
A8Y9E3,5
A8Y9G7,5
A8Y9H3,5
A8Y9H4,5
A8Y9H5,5
A8Y9H7,5
A9WWS2,5
A9WWS4,5
B0CIU9,5
B0CLD0,5
B0CLD7,5
B0CLD9,5
B8FRJ7,5
B8FRK0,5
B8FRK6,5
B8FZ34,5
B8FZ36,5
B8Y2U9,5
B9L170,5
B9L175,5
B9L178,5
B9L1H1,5
C0RF52,5
C0RFJ0,5
C0RIE0,5
C0RIE7,5
C0RIE9,5
C3LLU1,5
C3LQ63,5
C3LQT9,5
C3LSI9,5
C3LTR4,5
C6D5D2,5
O33570,5
O86751,5
P0A300,5
P0A4G6,5
P0CC86,5
P0CC87,5
P33252,5
P33253,5
P71533,5
Q04HT7,5
Q04HT9,5
Q04J70,5
Q04JW0,5
Q0P850,5
Q0P857,5
Q0P9V7,5
Q0PAB6,5
Q0PAR0,5
Q0PC30,5
Q21DK6,5
Q21DK8,5
Q21E72,5
Q21GS5,5
Q21JK3,5
Q21JR8,5
Q21MG1,5
Q21NS8,5
Q21PQ7,5
Q2JHE4,5
Q2JHK3,5
Q2JHK4,5
Q2JIG0,5
Q2JIV9,5
Q2JJ09,5
Q2JJ68,5
Q2JJA8,5
Q2JJA9,5
Q2JJB0,5
Q2JK43,5
Q2JKC2,5
Q2JL39,5
Q2JLH4,5
Q2JLH7,5
Q2JMJ0,5
Q2JN25,5
Q2JPJ1,5
Q2JPW6,5
Q31DL8,5
Q31DM0,5
Q31FG2,5
Q31HE7,5
Q31HF2,5
Q31HF9,5
Q31I38,5
Q31I88,5
Q32880,5
Q3HKH4,5
Q3HKH9,5
Q3IWB5,5
Q3IX40,5
Q3IXC2,5
Q3IXC5,5
Q3IY12,5
Q3IYN1,5
Q3J1N0,5
Q3J1Q2,5
Q3J1Q7,5
Q3J1Q8,5
Q3J376,5
Q3J3E7,5
Q3J3F0,5
Q3J3G0,5
Q3J3V9,5
Q3J431,5
Q3J433,5
Q48BG3,5
Q48BG5,5
Q48BP8,5
Q48EG6,5
Q48GL0,5
Q48GY7,5
Q48H45,5
Q48H47,5
Q48H52,5
Q48H53,5
Q48H54,5
Q48HD9,5
Q48HL2,5
Q48J29,5
Q48J74,5
Q48NM1,5
Q48P40,5
Q48PN3,5
Q48PU6,5
Q48PV0,5
Q7NB11,5
Q7NC40,5
Q7NC50,5
Q8CK44,5
Q8EUJ1,5
Q8EUR3,5
Q8EVL6,5
Q8EWY8,5
Q8EWZ0,5
Q9F2V6,5
Q9F2V8,5
Q9F2W1,5
Q9K4D5,5
Q9KZW2,5
Q9L0Q1,5
Q9L1C3,5
Q9PHQ1,5
Q9PJ21,5
Q9RDI1,5
Q9X806,5
Q9X814,5
Q9X8Z9,5
Q9XAQ5,5
Q9XAQ9,5
Q9XAR0,5
Q9XAR1,5
Q9XAR2,5
Q9XAR4,5
Q9XAR5,5
A0QU33,5
A0QU34,5
A1WLN7,5
A1WLP1,5
A1WLP2,5
A3PIX0,5
A3PIX1,5
A3PIX8,5
A3PKI6,5
A3PRP3,5
A4ITI3,5
A4ITI4,5
A4WU31,5
A4WU32,5
A6Q1P6,5
A6Q1Q1,5
A8Y9D7,5
B0CLD1,5
B0CLD2,5
B0CLD6,5
B9L173,5
C0RIE1,5
C0RIE6,5
C3LQ64,5
C3LTR0,5
C3LTR1,5
C3LTR2,5
C3MQL5,5
C3NGV1,5
O54187,5
Q04HV7,5
Q0P887,5
Q21JQ9,5
Q21JS2,5
Q2JIJ7,5
Q2JNM8,5
Q31DV4,5
Q31GF5,5
Q31HF3,5
Q31HF7,5
Q31HF8,5
Q31I51,5
Q31J97,5
Q3IXC6,5
Q3IZT1,5
Q3J1Q3,5
Q3J3F1,5
Q3J3F8,5
Q3J3F9,5
Q48C94,5
Q48CA0,5
Q48FT0,5
Q48H48,5
Q48IB9,5
Q48IS7,5
Q48KB2,5
Q48KI4,5
Q7NAQ6,5
Q9KXJ6,5
Q9PM99,5
Q9PMA3,5
Q9PMA7,5
Q9RKC6,5
Q9RKQ4,5
Q9X809,5
Q9X812,5
Q9X853,5
Q9XAQ6,5
Q9XAQ7,5
A0MD28,6
A0QWT2,6
A0QX20,6
A0R2B1,6
P0C6X8,6
P0DTD1,6
P15474,6
Q21FJ0,6
Q3IWB0,6
Q3J5L6,6
Q48GW3,6
Q6KZI8,6
Q6L1T2,6
Q8B912,6
Q9K498,6
Q9WJB2,6
Q9X839,6
Q9YN02,6
A0A0H2ZLQ1,6
A0QSB8,6
A0QV21,6
A0QWH0,6
A0R3B8,6
A0R664,6
A8Y9H8,6
C3LSI3,6
E6ER18,6
P32920,6
Q21K21,6
Q2JIP3,6
Q31GG8,6
Q31HD6,6
Q31HD9,6
Q31IK0,6
Q48H75,6
Q9K499,6
Q9KZZ7,6
Q9PM68,6
Q9ZBQ6,6
A0QNF3,6
A0QNX1,6
A0QP32,6
A0QQS6,6
A0QRD3,6
A0QRG0,6
A0QRN3,6
A0QSK6,6
A0QW23,6
A0QWG8,6
A0QWQ9,6
A0QX87,6
A0QX93,6
A0R220,6
A0R443,6
A0R480,6
A0R4Q3,6
A0R4S6,6
A0R566,6
A1WDU6,6
A1WFL2,6
A1WHV3,6
A1WIF0,6
A1WL18,6
A1WL86,6
A1WMU5,6
A1WPC7,6
A1WR07,6
A1WR24,6
A3PFL2,6
A3PFR1,6
A3PGR7,6
A3PI62,6
A3PIV3,6
A3PJQ4,6
A3PJS2,6
A3PM71,6
A3PMB0,6
A3PMQ9,6
A3PNX7,6
A3PP56,6
A3PRB5,6
A3PRW6,6
A4IJ94,6
A4IJ95,6
A4IJG5,6
A4IK74,6
A4IKU7,6
A4ILL7,6
A4IM36,6
A4IMR9,6
A4IPI2,6
A4IPP2,6
A4IQ59,6
A4IQ88,6
A4IQ89,6
A4IR26,6
A4IRH6,6
A4IRZ2,6
A4IS03,6
A4ISP4,6
A4ISR2,6
A4ISR4,6
A4IT42,6
A4WNS1,6
A4WNV5,6
A4WPZ2,6
A4WR18,6
A4WSL4,6
A4WSQ8,6
A4WUS8,6
A4WVB2,6
A4WVF5,6
A4WVP0,6
A4WVR6,6
A4WW35,6
A4WWC0,6
A4WZV1,6
A6Q102,6
A6Q117,6
A6Q182,6
A6Q1H1,6
A6Q235,6
A6Q291,6
A6Q2C1,6
A6Q2E5,6
A6Q2K0,6
A6Q2K1,6
A6Q2V4,6
A6Q2Y9,6
A6Q3Y3,6
A6Q574,6
A6Q5D0,6
A6Q5K4,6
A6Q5L6,6
A9WVU5,6
A9WXE2,6
B0CGT2,6
B0CIF7,6
B0CIL1,6
B0CJD0,6
B0CJG6,6
B0CJI6,6
B0CJX7,6
B0CK19,6
B0CKB2,6
B0CKC7,6
B0CLN2,6
B0CLT0,6
B8FP22,6
B8FP24,6
B8FQ77,6
B8FQ92,6
B8FQ96,6
B8FU83,6
B8FU95,6
B8FUD2,6
B8FUK9,6
B8FZE1,6
B8FZR3,6
B8FZR4,6
B8G177,6
B8G1T9,6
B9KXJ6,6
B9KXN0,6
B9KY71,6
B9KYV7,6
B9L0K8,6
B9L1Z5,6
C0RFF1,6
C0RFR9,6
C0RFV3,6
C0RFX3,6
C0RG13,6
C0RG54,6
C0RG65,6
C0RGF9,6
C0RHD5,6
C0RHF0,6
C0RIP1,6
C0RIT4,6
C0RJA3,6
C0RK28,6
C0RM77,6
C3LLI5,6
C3LLP9,6
C3LMG6,6
C3LNL5,6
C3LNS3,6
C3LP65,6
C3LPA1,6
C3LPG2,6
C3LPQ3,6
C3LQC2,6
C3LQI3,6
C3LQQ3,6
C3LQZ0,6
C3LR34,6
C3LR71,6
C3LS19,6
C3LSG5,6
C3LTS1,6
C3LWX2,6
C3MKM4,6
C3MMC3,6
C3MPU0,6
C3MQJ5,6
C3MQK7,6
C3MQK8,6
C3MQN7,6
C3MR05,6
C3MR64,6
C3NGB5,6
C3NGG2,6
C3NGS9,6
C3NGV8,6
C3NGV9,6
C3NGX1,6
C3NHN3,6
C3NLR8,6
O33565,6
O69198,6
O69294,6
O69861,6
O86534,6
O86820,6
O86841,6
P16249,6
P21689,6
P40135,6
P42448,6
P50937,6
P54919,6
P58286,6
P72242,6
P95646,6
Q01670,6
Q04I44,6
Q04JN5,6
Q04JN6,6
Q04JX0,6
Q04JX2,6
Q04JX3,6
Q04KG2,6
Q04KR9,6
Q04L69,6
Q04LJ3,6
Q04M51,6
Q0P8H8,6
Q0P8U2,6
Q0P8U3,6
Q0P8W4,6
Q0P9D4,6
Q0PAS0,6
Q0PBX7,6
Q21EE3,6
Q21EG7,6
Q21H84,6
Q21H88,6
Q21H90,6
Q21HE7,6
Q21HG1,6
Q21HI3,6
Q21I62,6
Q21IS8,6
Q21IX8,6
Q21IY3,6
Q21KP0,6
Q21LB9,6
Q21LC2,6
Q21LV5,6
Q21M18,6
Q21MK4,6
Q21NH5,6
Q21NU6,6
Q21NV7,6
Q2JHZ4,6
Q2JI46,6
Q2JIT3,6
Q2JK60,6
Q2JKH3,6
Q2JLD4,6
Q2JMP1,6
Q2JN09,6
Q2JNA9,6
Q2JPF1,6
Q2JPG2,6
Q2JPK6,6
Q2JQ67,6
Q31DP9,6
Q31E64,6
Q31E66,6
Q31E87,6
Q31EB2,6
Q31EG9,6
Q31FE3,6
Q31FF9,6
Q31G68,6
Q31GC7,6
Q31H64,6
Q31HI2,6
Q31I28,6
Q31II2,6
Q31IK3,6
Q31JB9,6
Q31JC9,6
Q31JF4,6
Q3IWV4,6
Q3IX55,6
Q3IXP4,6
Q3IY00,6
Q3IY15,6
Q3IY64,6
Q3IYC2,6
Q3IZ78,6
Q3IZI8,6
Q3IZY9,6
Q3J2J0,6
Q3J2K8,6
Q3J2W6,6
Q3J3H9,6
Q3J5V6,6
Q48BY7,6
Q48C78,6
Q48C81,6
Q48CE0,6
Q48CK1,6
Q48DI3,6
Q48F70,6
Q48F79,6
Q48F85,6
Q48HV8,6
Q48JZ3,6
Q48K61,6
Q48K99,6
Q48KM8,6
Q48KN0,6
Q48KP5,6
Q48LD5,6
Q48LX4,6
Q48LY6,6
Q48MT5,6
Q48NP3,6
Q48P32,6
Q48PA6,6
Q48PG2,6
Q48PH0,6
Q48PS5,6
Q59829,6
Q6KZ30,6
Q6KZ54,6
Q6KZD3,6
Q6KZI1,6
Q6KZN3,6
Q6L0K5,6
Q6L1G8,6
Q6L1R3,6
Q6L1T9,6
Q6L2D8,6
Q7NAQ0,6
Q7NAY0,6
Q7NC56,6
Q8EUY3,6
Q8EW32,6
Q8EWT4,6
Q938C9,6
Q93JL5,6
Q99PZ1,6
Q9EWW1,6
Q9F1Y6,6
Q9F2Q3,6
Q9F3P9,6
Q9FBN6,6
Q9KXN1,6
Q9KXQ4,6
Q9KXQ6,6
Q9KXT4,6
Q9KZ75,6
Q9KZX7,6
Q9L0Q7,6
Q9L0T8,6
Q9L286,6
Q9L287,6
Q9PHU4,6
Q9PI08,6
Q9PI55,6
Q9PIC1,6
Q9PII5,6
Q9PIK3,6
Q9PIM2,6
Q9PIP3,6
Q9PIW6,6
Q9PJ53,6
Q9PJ98,6
Q9PLW1,6
Q9PM41,6
Q9PM72,6
Q9PM75,6
Q9PM76,6
Q9PN54,6
Q9PN97,6
Q9PNT2,6
Q9PP01,6
Q9PP76,6
Q9PPB4,6
Q9RJ47,6
Q9RKA8,6
Q9S2T7,6
Q9X5M1,6
Q9X8I0,6
Q9X8R6,6
Q9X9U0,6
Q9X9W0,6
Q9Z4W7,6
Q9ZBH5,6
Q9ZBK6,6
Q9ZFA6,6
A0QWX4,6
A0QX29,6
A0QX83,6
A0QX95,6
A0QYS5,6
A0QZU2,6
A0R1Y1,6
A0R2K7,6
A0R5M7,6
A0R643,6
A1WGR0,6
A1WGU4,6
A1WH73,6
A1WLL2,6
A1WR21,6
A1WSF0,6
A1WSF1,6
A3PGG3,6
A3PHK6,6
A3PHK7,6
A3PI66,6
A3PJG5,6
A3PK23,6
A3PMB7,6
A3PMM5,6
A3PMQ7,6
A3PQ70,6
A4IJU6,6
A4IK90,6
A4IKU8,6
A4IP74,6
A4IPB5,6
A4IQ66,6
A4IQ81,6
A4IQ82,6
A4IQ84,6
A4IRS2,6
A4ISR5,6
A4ITF6,6
A4WNV6,6
A4WPE1,6
A4WUH0,6
A4WUS5,6
A4WVB9,6
A4WX66,6
A4WX67,6
A6Q2R2,6
A6Q330,6
A6Q3P0,6
A9WVP8,6
A9WVU3,6
A9WW58,6
A9WZA3,6
B0CGT9,6
B0CGU0,6
B0CGV0,6
B0CIJ4,6
B0CIY4,6
B0CJI2,6
B0CJK6,6
B0CJK8,6
B0CKJ0,6
B8FNT2,6
B8FWX3,6
B8G187,6
B8G2K7,6
B9L1A9,6
B9L1Y8,6
B9L2J0,6
C0RFM4,6
C0RFW9,6
C0RFZ2,6
C0RFZ4,6
C0RGE2,6
C0RHL3,6
C0RJB1,6
C0RJB2,6
C0RJC1,6
C0RLW2,6
C0RM30,6
C0RMI7,6
C3LLL5,6
C3LLL6,6
C3LQ21,6
C3LR35,6
C3LRV2,6
C3LS47,6
C3LTS3,6
C3LUI5,6
C3LVX6,6
C3LW87,6
C3LW91,6
C3LWD9,6
C3MJE5,6
C3MKR6,6
C3MPU9,6
C3MQI6,6
C3MQX7,6
C3MRB7,6
C3NG02,6
C3NGJ0,6
C3NGY0,6
C3NHM4,6
C3NJA0,6
C3NMW1,6
O05625,6
O08323,6
O33564,6
O50533,6
O68814,6
O68816,6
O86535,6
O86564,6
O86722,6
P16247,6
P72238,6
Q04IY7,6
Q04IY9,6
Q04IZ0,6
Q04KL8,6
Q04KS4,6
Q04MC2,6
Q04MW6,6
Q21EF4,6
Q21IY4,6
Q21L65,6
Q21L94,6
Q21LH6,6
Q21MC6,6
Q21NH8,6
Q2JI59,6
Q2JJY4,6
Q2JLD7,6
Q2JNK3,6
Q31DN1,6
Q31DQ6,6
Q31E67,6
Q31G53,6
Q31HH3,6
Q31HZ6,6
Q31JG7,6
Q3IW19,6
Q3IZF4,6
Q3IZJ0,6
Q3IZY2,6
Q3J289,6
Q3J6L0,6
Q46104,6
Q48BQ6,6
Q48C77,6
Q48E20,6
Q48F34,6
Q48G05,6
Q48GB5,6
Q48K98,6
Q48KS5,6
Q48MI2,6
Q48NP7,6
Q48QD3,6
Q48QG6,6
Q48QG7,6
Q53222,6
Q6KZS5,6
Q6L0F3,6
Q6L1P9,6
Q6L1T6,6
Q6L271,6
Q6L277,6
Q6L2J9,6
Q849P2,6
Q8CK51,6
Q938C8,6
Q93RW0,6
Q9KXR8,6
Q9L1B1,6
Q9PHM1,6
Q9PI11,6
Q9PIF1,6
Q9PIF2,6
Q9PLW2,6
Q9RDE8,6
Q9RDE9,6
Q9RNU9,6
Q9X4E5,6
Q9X4E8,6
Q9X9X7,6
Q9Z4X0,6
Q9ZBH3,6
Q9ZFA7,6
A1WS32,6
Q9RKX1,6
A1WS32,6
Q9RKX1,6
