SeqID,Cate
A0A0H2ZMF9,2
A0A0H2ZNH9,2
A0A0H2ZQL5,2
A0MD28,2
A0QNG1,2
A0QQ53,2
A0QWG5,2
A0QWG6,2
A0QXE4,2
A0QZ13,2
A0R066,2
A0R1E8,2
A0R2B1,2
A0R2E6,2
A0R2K8,2
A0R2N3,2
A0R3F9,2
A0R4M9,2
A0R564,2
A0R5M8,2
A0R758,2
A2T3S5,2
C7BKP9,2
E0Y3X1,2
O08333,2
O73556,2
O88037,2
P03363,2
P04584,2
P04936,2
P05962,2
P06210,2
P07564,2
P0C6U9,2
P0C6X8,2
P0DTC1,2
P0DTD1,2
P12451,2
P12823,2
P14337,2
P14340,2
P15833,2
P17757,2
P18042,2
P18096,2
P20876,2
P23069,2
P24107,2
P26660,2
P26661,2
P29990,2
P29991,2
P35963,2
P51517,2
P54741,2
P60281,2
Q03495,2
Q04J43,2
Q0P9C5,2
Q0P9D1,2
Q2JII9,2
Q68749,2
Q74120,2
Q76634,2
Q7NBZ0,2
Q89928,2
Q8B912,2
Q8BB16,2
Q99D35,2
Q99IB8,2
Q9DHD6,2
Q9F7Y9,2
Q9ILI5,2
Q9JGF2,2
Q9L1E4,2
Q9L1K2,2
Q9L1L8,2
Q9QAX1,2
Q9RP48,2
Q9WDA6,2
Q9WJB2,2
Q9WNW0,2
Q9YN02,2
S7ZFK6,2
A0A0B0SG80,2
A0A0H2ZNL3,2
A0QPF9,2
A0QQK1,2
A0QQZ8,2
A0QR01,2
A0QTK3,2
A0QU51,2
A0QVE4,2
A0QWT3,2
A0QYV1,2
A0QZ12,2
A0R043,2
A0R0S4,2
A0R211,2
A0R2V7,2
A0R2W4,2
A0R3C7,2
A0R5Z2,2
A0R611,2
A0R7G2,2
A1WE19,2
A1WHX2,2
A3PFQ4,2
A3PIG2,2
A4IJC6,2
A4IM49,2
A4IT50,2
A4UHQ7,2
A4WNI9,2
A4WRD6,2
A4WU43,2
A6Q115,2
A6Q403,2
A6Q4Z6,2
A9WYQ2,2
B0CGJ6,2
B0CII9,2
B8FS78,2
B8FY55,2
C0RGD9,2
C0RLA4,2
C3LQ49,2
C3LQY0,2
C3LSI7,2
C3LT09,2
C3LT10,2
E0Y3X0,2
O85501,2
O86565,2
O86754,2
P03261,2
P06275,2
P09121,2
P0DW08,2
P13287,2
P26676,2
P52560,2
P68747,2
P89436,2
Q02047,2
Q04KU2,2
Q04LD5,2
Q04LZ5,2
Q05101,2
Q0P7R8,2
Q0P8H7,2
Q0P8I9,2
Q0P8J1,2
Q0P8J6,2
Q0P8J9,2
Q0P9C8,2
Q0P9D3,2
Q21DL5,2
Q21FY5,2
Q21K21,2
Q21KC3,2
Q21KT6,2
Q21NG2,2
Q2JJ30,2
Q2JMN2,2
Q2JPL4,2
Q2M5K2,2
Q31DM2,2
Q31FE7,2
Q31GG8,2
Q31I07,2
Q31IC2,2
Q3IY22,2
Q3J3H0,2
Q3J3Y6,2
Q48BG7,2
Q48H75,2
Q48HZ1,2
Q48KQ0,2
Q48LZ7,2
Q48NU4,2
Q48P39,2
Q67620,2
Q6KZ25,2
Q6KZM5,2
Q6L243,2
Q6TG09,2
Q8CJM2,2
Q8CJX6,2
Q8CK24,2
Q8EVK0,2
Q9ACU1,2
Q9FC99,2
Q9FCA7,2
Q9FSV7,2
Q9K3U0,2
Q9KY04,2
Q9KZZ7,2
Q9L091,2
Q9PM68,2
Q9PP15,2
Q9PPA2,2
Q9QBF1,2
Q9X8L6,2
Q9X8S2,2
Q9Z5B5,2
S7Z800,2
A0A0H2ZM62,2
A0QPD4,2
A0QQK3,2
A0QQK7,2
A0QQL0,2
A0QQV6,2
A0QR54,2
A0QRG5,2
A0QRH1,2
A0QS66,2
A0QSC1,2
A0QSH8,2
A0QSL8,2
A0QSS1,2
A0QSZ0,2
A0QTP6,2
A0QUW3,2
A0QUX7,2
A0QUZ4,2
A0QV16,2
A0QV47,2
A0QVD9,2
A0QVQ5,2
A0QVR9,2
A0QVT0,2
A0QVX5,2
A0QVX9,2
A0QW19,2
A0QW28,2
A0QWT1,2
A0QWW3,2
A0QWX9,2
A0QWY2,2
A0QWZ7,2
A0QX65,2
A0QX70,2
A0QYS8,2
A0QYS9,2
A0QYT0,2
A0R016,2
A0R019,2
A0R024,2
A0R033,2
A0R036,2
A0R048,2
A0R065,2
A0R074,2
A0R075,2
A0R082,2
A0R0B2,2
A0R109,2
A0R112,2
A0R148,2
A0R1H6,2
A0R1W8,2
A0R1Y4,2
A0R213,2
A0R2E1,2
A0R2E2,2
A0R2G5,2
A0R3D7,2
A0R3I7,2
A0R4C9,2
A0R579,2
A0R626,2
A0R628,2
A0R6D9,2
A1WDW4,2
A1WE20,2
A1WEE7,2
A1WEN1,2
A1WF48,2
A1WF49,2
A1WFH2,2
A1WFH8,2
A1WGH3,2
A1WGS0,2
A1WH74,2
A1WH84,2
A1WH89,2
A1WHJ5,2
A1WHP5,2
A1WHU4,2
A1WHW6,2
A1WIC3,2
A1WIL9,2
A1WIS6,2
A1WJJ2,2
A1WJU9,2
A1WJV9,2
A1WK56,2
A1WK92,2
A1WKB4,2
A1WKC0,2
A1WLP8,2
A1WME3,2
A1WMV5,2
A1WMX5,2
A1WMX6,2
A1WN06,2
A1WNY5,2
A1WPR4,2
A1WQM5,2
A1WQN5,2
A1WQP4,2
A1WR98,2
A1WRK3,2
A1WRK8,2
A1WRL1,2
A1WS95,2
A1WSC8,2
A1WSH4,2
A1WSH6,2
A2T3S0,2
A3PFL1,2
A3PG14,2
A3PGF5,2
A3PGI9,2
A3PGJ0,2
A3PGN5,2
A3PGQ2,2
A3PGR9,2
A3PGS6,2
A3PGX5,2
A3PH28,2
A3PH74,2
A3PHR7,2
A3PHS2,2
A3PHS8,2
A3PIG0,2
A3PII0,2
A3PIQ5,2
A3PIY7,2
A3PIZ8,2
A3PJ64,2
A3PJ65,2
A3PJ71,2
A3PJ80,2
A3PJB4,2
A3PJF5,2
A3PJF6,2
A3PJK8,2
A3PJL9,2
A3PJT9,2
A3PJX6,2
A3PJY2,2
A3PJZ3,2
A3PK50,2
A3PK84,2
A3PKR6,2
A3PLD1,2
A3PM22,2
A3PM38,2
A3PMC8,2
A3PMF8,2
A3PML8,2
A3PN50,2
A3PNA9,2
A3PNB5,2
A3PNE9,2
A3PNG0,2
A3PNM3,2
A3PNR8,2
A3PPV7,2
A3PPW0,2
A3PPW5,2
A4IJB8,2
A4IJC2,2
A4IJE6,2
A4IJG0,2
A4IJI2,2
A4IJK9,2
A4IJL4,2
A4IJS4,2
A4IJU4,2
A4IJY4,2
A4IKR6,2
A4IL48,2
A4ILL2,2
A4ILX0,2
A4ILY8,2
A4IM06,2
A4IM63,2
A4IMC5,2
A4IME3,2
A4IMH7,2
A4IMI5,2
A4IN26,2
A4IN28,2
A4IN50,2
A4IN63,2
A4IN84,2
A4IN93,2
A4INY1,2
A4IPN3,2
A4IPN9,2
A4IQ61,2
A4IQ63,2
A4IQ78,2
A4IQD8,2
A4IQG7,2
A4IQI5,2
A4IQR7,2
A4IR72,2
A4IR87,2
A4IRA9,2
A4IRG5,2
A4IRH8,2
A4IRI5,2
A4IRQ6,2
A4IRQ7,2
A4IRT9,2
A4IRZ1,2
A4IS14,2
A4IS22,2
A4IS40,2
A4ISG5,2
A4ISS3,2
A4ITJ9,2
A4ITL0,2
A4ITU1,2
A4WP17,2
A4WPE5,2
A4WQ25,2
A4WQ33,2
A4WQ57,2
A4WQA7,2
A4WQD0,2
A4WQD5,2
A4WQT6,2
A4WRC8,2
A4WRD4,2
A4WRK3,2
A4WRL4,2
A4WRM1,2
A4WRQ2,2
A4WRT7,2
A4WSC5,2
A4WSI3,2
A4WTS8,2
A4WTT2,2
A4WTT8,2
A4WTT9,2
A4WU05,2
A4WU16,2
A4WUH9,2
A4WUI0,2
A4WUJ2,2
A4WVE5,2
A4WVF3,2
A4WVH0,2
A4WVI4,2
A4WVL5,2
A4WVR7,2
A4WVY1,2
A4WW91,2
A4WWI7,2
A4WWJ3,2
A4WWN6,2
A4WWP0,2
A4WWQ0,2
A4WZB3,2
A6Q1C9,2
A6Q1K4,2
A6Q1M4,2
A6Q1Q8,2
A6Q1R7,2
A6Q1S1,2
A6Q1X8,2
A6Q1Z6,2
A6Q1Z8,2
A6Q200,2
A6Q203,2
A6Q218,2
A6Q239,2
A6Q2K0,2
A6Q2R6,2
A6Q2V7,2
A6Q311,2
A6Q322,2
A6Q3K8,2
A6Q3S1,2
A6Q3U3,2
A6Q3Y5,2
A6Q3Y6,2
A6Q478,2
A6Q4N2,2
A6Q4V5,2
A6Q526,2
A6Q531,2
A6Q579,2
A6Q5J0,2
A6Q5K0,2
A6Q5L0,2
A6Q639,2
A8Y9B8,2
A8Y9G0,2
A8Y9G1,2
A8Y9G2,2
A9WW36,2
A9WW74,2
A9WW75,2
A9WWC9,2
A9WWU1,2
A9WWW8,2
A9WYC6,2
A9WYG6,2
A9WYH2,2
A9WYN5,2
A9WYQ7,2
A9WYS0,2
A9WYY2,2
B0CGP5,2
B0CGS4,2
B0CH07,2
B0CH11,2
B0CH40,2
B0CHH2,2
B0CHH8,2
B0CHI7,2
B0CHM0,2
B0CHM3,2
B0CHM8,2
B0CHX9,2
B0CI45,2
B0CI68,2
B0CI82,2
B0CIC6,2
B0CID9,2
B0CIE0,2
B0CIQ3,2
B0CJ32,2
B0CJ51,2
B0CJ70,2
B0CJD1,2
B0CJD4,2
B0CJK5,2
B0CJN2,2
B0CJW1,2
B0CK00,2
B0CK15,2
B0CKC0,2
B0CKX9,2
B0CL06,2
B0CL18,2
B0CL90,2
B0CLA1,2
B0CLA2,2
B0CLF8,2
B0CLJ1,2
B0CLM0,2
B0CLQ0,2
B0CLS9,2
B8FP05,2
B8FQ45,2
B8FQV2,2
B8FR00,2
B8FRS6,2
B8FRS7,2
B8FRT2,2
B8FSB9,2
B8FT56,2
B8FT59,2
B8FTK5,2
B8FTK7,2
B8FTK8,2
B8FTY8,2
B8FUD3,2
B8FUD4,2
B8FWE4,2
B8FWT4,2
B8FWU2,2
B8FWU9,2
B8FXS7,2
B8FY38,2
B8FY51,2
B8FZ68,2
B8FZ69,2
B8FZD1,2
B8FZE5,2
B8G1G5,2
B8G1S3,2
B8G1V8,2
B8G1Y7,2
B8G1Z4,2
B8G2M2,2
B8G2R0,2
B9KXJ0,2
B9KXL1,2
B9KYR9,2
B9KZ44,2
B9L0J2,2
B9L159,2
B9L1J9,2
B9L1L6,2
B9L274,2
B9L2B5,2
B9L505,2
C0RE25,2
C0RE30,2
C0RE38,2
C0RE70,2
C0RE73,2
C0RE78,2
C0REM2,2
C0RES0,2
C0RF67,2
C0RF93,2
C0RFB8,2
C0RFD1,2
C0RFD2,2
C0RFS0,2
C0RFS3,2
C0RFZ1,2
C0RG51,2
C0RG90,2
C0RGK0,2
C0RGM7,2
C0RGP5,2
C0RGR3,2
C0RGX7,2
C0RH46,2
C0RHE3,2
C0RHZ5,2
C0RI23,2
C0RI35,2
C0RIA2,2
C0RIB2,2
C0RIB3,2
C0RIG5,2
C0RIJ9,2
C0RIN8,2
C0RIT3,2
C0RJ68,2
C0RJ95,2
C0RJH6,2
C0RJI0,2
C0RJK9,2
C0RL20,2
C0RL26,2
C0RLB0,2
C0RLC2,2
C0RLJ5,2
C0RMG5,2
C0RMK3,2
C0RMK4,2
C3LLT4,2
C3LLV3,2
C3LMC8,2
C3LMI5,2
C3LN54,2
C3LN57,2
C3LNA1,2
C3LNS6,2
C3LNX5,2
C3LP59,2
C3LPI7,2
C3LPM9,2
C3LPP8,2
C3LPQ7,2
C3LPS5,2
C3LPS7,2
C3LPT6,2
C3LPZ5,2
C3LQ59,2
C3LQI4,2
C3LQN2,2
C3LQU6,2
C3LQU9,2
C3LQY9,2
C3LQZ5,2
C3LR32,2
C3LR55,2
C3LR78,2
C3LRM1,2
C3LRM2,2
C3LRN3,2
C3LRV4,2
C3LRY9,2
C3LS11,2
C3LS13,2
C3LS22,2
C3LS82,2
C3LSP1,2
C3LSQ2,2
C3LST0,2
C3LSZ4,2
C3LT01,2
C3LTA3,2
C3LTD9,2
C3LTJ1,2
C3LTN4,2
C3LVN8,2
C3LW10,2
C3LWP9,2
C3MJ04,2
C3MJ49,2
C3MJB1,2
C3MJI5,2
C3MJP0,2
C3MJP7,2
C3MJQ1,2
C3MJX7,2
C3MK79,2
C3MKT6,2
C3MP45,2
C3MPH6,2
C3MPM7,2
C3MPM9,2
C3MQ26,2
C3MQN2,2
C3MQX1,2
C3MQY1,2
C3MQY4,2
C3MR91,2
C3MRB5,2
C3MRD1,2
C3MRH0,2
C3MRJ6,2
C3MRJ9,2
C3NF41,2
C3NF87,2
C3NFS7,2
C3NFT0,2
C3NFV6,2
C3NFY8,2
C3NG04,2
C3NG28,2
C3NGI3,2
C3NGI6,2
C3NGJ6,2
C3NGT4,2
C3NHE1,2
C3NHU4,2
C3NHU6,2
C3NHZ5,2
C3NJ67,2
C3NMB9,2
C3NMG6,2
C3NMP6,2
C3NMQ0,2
C3NMQ7,2
C3NMY2,2
C6D8C0,2
C7BGY4,2
C7BKL0,2
C7BSD3,2
C7BTJ1,2
C7NTR1,2
E6ENP7,2
I7FJX8,2
M0HG00,2
O31046,2
O50519,2
O52200,2
O52352,2
O54151,2
O54571,2
O68608,2
O68956,2
O69873,2
O69913,2
O69963,2
O69967,2
O72539,2
O86505,2
O86583,2
O86779,2
O86781,2
O86793,2
O86812,2
O86840,2
O87838,2
P04407,2
P06854,2
P07918,2
P0A4E1,2
P0A4I7,2
P0C630,2
P10551,2
P15736,2
P16510,2
P17377,2
P21293,2
P21861,2
P22678,2
P23034,2
P24531,2
P28284,2
P29836,2
P43414,2
P45497,2
P47715,2
P47716,2
P50589,2
P52561,2
P54739,2
P54740,2
P54906,2
P54976,2
P56833,2
P59248,2
P60312,2
P71128,2
P72392,2
P72394,2
P80574,2
P87553,2
P89446,2
P89453,2
P94968,2
Q03069,2
Q04512,2
Q04943,2
Q04HZ0,2
Q04IB3,2
Q04IC8,2
Q04II4,2
Q04IK0,2
Q04IK6,2
Q04IK7,2
Q04IK8,2
Q04IV9,2
Q04J38,2
Q04JF3,2
Q04JH1,2
Q04JH2,2
Q04JT7,2
Q04JX6,2
Q04KA9,2
Q04KG7,2
Q04KG8,2
Q04KI9,2
Q04KR0,2
Q04KY1,2
Q04KY2,2
Q04KZ3,2
Q04L24,2
Q04L36,2
Q04L63,2
Q04L76,2
Q04LE0,2
Q04LH2,2
Q04LH9,2
Q04LK0,2
Q04LL6,2
Q04LL8,2
Q04LT4,2
Q04LT6,2
Q04M21,2
Q04M48,2
Q04M58,2
Q04MC4,2
Q04ML1,2
Q04ML5,2
Q04MU2,2
Q04MV1,2
Q04N19,2
Q04N31,2
Q06965,2
Q08097,2
Q0P7U6,2
Q0P823,2
Q0P8G1,2
Q0P8J8,2
Q0P8R5,2
Q0P8S7,2
Q0P8T1,2
Q0P8U0,2
Q0P8W3,2
Q0P903,2
Q0P9C6,2
Q0P9C7,2
Q0P9C9,2
Q0P9D0,2
Q0PB55,2
Q0PBB6,2
Q18T09,2
Q20PL6,2
Q21DY7,2
Q21EC9,2
Q21EE1,2
Q21EE9,2
Q21EI0,2
Q21F19,2
Q21F93,2
Q21F95,2
Q21FD9,2
Q21FE3,2
Q21FH4,2
Q21FL9,2
Q21FV2,2
Q21FY3,2
Q21FY4,2
Q21H48,2
Q21H65,2
Q21H69,2
Q21HA1,2
Q21HH4,2
Q21HQ5,2
Q21II4,2
Q21IJ4,2
Q21IR9,2
Q21IS4,2
Q21IS6,2
Q21IS9,2
Q21JW7,2
Q21JY6,2
Q21K28,2
Q21K42,2
Q21K90,2
Q21KA1,2
Q21KB1,2
Q21KP6,2
Q21KT7,2
Q21KW1,2
Q21LB7,2
Q21LL4,2
Q21LN7,2
Q21LR0,2
Q21LT1,2
Q21M06,2
Q21M27,2
Q21M30,2
Q21M33,2
Q21M92,2
Q21MA1,2
Q21MF7,2
Q21MG9,2
Q21MH0,2
Q21MH2,2
Q21MI9,2
Q21MT0,2
Q21MU7,2
Q21N29,2
Q21NJ5,2
Q21NP8,2
Q21NW5,2
Q21PS1,2
Q21PU1,2
Q2F8F7,2
Q2JHF7,2
Q2JI25,2
Q2JI36,2
Q2JIG8,2
Q2JIK8,2
Q2JIN3,2
Q2JJ17,2
Q2JJ18,2
Q2JJ19,2
Q2JJA1,2
Q2JJE2,2
Q2JJM6,2
Q2JJN4,2
Q2JJQ0,2
Q2JJR4,2
Q2JK09,2
Q2JK10,2
Q2JK17,2
Q2JK57,2
Q2JK64,2
Q2JK68,2
Q2JKB7,2
Q2JKE8,2
Q2JKT3,2
Q2JKT7,2
Q2JKU0,2
Q2JKY0,2
Q2JL74,2
Q2JLD5,2
Q2JLJ5,2
Q2JLL9,2
Q2JLM3,2
Q2JLP6,2
Q2JLQ2,2
Q2JLV2,2
Q2JLX1,2
Q2JLY8,2
Q2JM78,2
Q2JMC1,2
Q2JMR8,2
Q2JMZ3,2
Q2JNI1,2
Q2JNL3,2
Q2JNZ0,2
Q2JP46,2
Q2JPG8,2
Q2JQ57,2
Q2JQ59,2
Q2JQ64,2
Q2VNE5,2
Q31DJ1,2
Q31DM4,2
Q31DP8,2
Q31DX5,2
Q31E14,2
Q31E54,2
Q31E55,2
Q31E86,2
Q31EA3,2
Q31ED4,2
Q31EF5,2
Q31EJ2,2
Q31EL0,2
Q31EM0,2
Q31EM1,2
Q31F24,2
Q31F42,2
Q31F43,2
Q31FF5,2
Q31FS6,2
Q31FZ5,2
Q31G14,2
Q31G41,2
Q31G45,2
Q31G64,2
Q31GD2,2
Q31GD8,2
Q31GJ9,2
Q31GL4,2
Q31GM9,2
Q31GP3,2
Q31GV5,2
Q31GZ1,2
Q31HB0,2
Q31HG6,2
Q31HH2,2
Q31HP0,2
Q31HR8,2
Q31I08,2
Q31I16,2
Q31I33,2
Q31I55,2
Q31I59,2
Q31I60,2
Q31I62,2
Q31IB6,2
Q31IB9,2
Q31IC8,2
Q31IE1,2
Q31IF4,2
Q31II8,2
Q31IM5,2
Q31IS6,2
Q31IT3,2
Q31IV8,2
Q31IY8,2
Q31J37,2
Q31JA4,2
Q31JD2,2
Q31JE7,2
Q31JG5,2
Q31JG9,2
Q31JQ7,2
Q3IW81,2
Q3IW86,2
Q3IW89,2
Q3IXX8,2
Q3IY65,2
Q3IYG8,2
Q3IYM5,2
Q3IYR6,2
Q3IYT7,2
Q3IYU8,2
Q3IYX7,2
Q3IYY2,2
Q3IYY8,2
Q3IZ47,2
Q3IZN1,2
Q3IZN2,2
Q3IZX0,2
Q3J061,2
Q3J077,2
Q3J0W9,2
Q3J1A8,2
Q3J1H1,2
Q3J205,2
Q3J263,2
Q3J2B7,2
Q3J2B9,2
Q3J2D0,2
Q3J2H4,2
Q3J2I9,2
Q3J2P4,2
Q3J2Q5,2
Q3J2X5,2
Q3J2X6,2
Q3J317,2
Q3J349,2
Q3J358,2
Q3J364,2
Q3J365,2
Q3J3D1,2
Q3J3E2,2
Q3J3I2,2
Q3J3M6,2
Q3J3M8,2
Q3J3V1,2
Q3J3Y8,2
Q3J4M2,2
Q3J4M8,2
Q3J4N3,2
Q3J561,2
Q3J5A6,2
Q3J5E8,2
Q3J5F9,2
Q3J5H6,2
Q3J5K7,2
Q3J5L4,2
Q3J5N1,2
Q3J5P8,2
Q3J5S9,2
Q3J5W4,2
Q3J6C1,2
Q3J6D2,2
Q48BL6,2
Q48BQ5,2
Q48CH3,2
Q48CL6,2
Q48CL9,2
Q48CP3,2
Q48CS1,2
Q48CS2,2
Q48D21,2
Q48D30,2
Q48D61,2
Q48DM5,2
Q48DM6,2
Q48DN8,2
Q48DP2,2
Q48DT0,2
Q48DU7,2
Q48E69,2
Q48E81,2
Q48EC7,2
Q48ED3,2
Q48EF5,2
Q48EF8,2
Q48EG7,2
Q48EV6,2
Q48F01,2
Q48F36,2
Q48F57,2
Q48F61,2
Q48F75,2
Q48F88,2
Q48FA7,2
Q48FB2,2
Q48FG8,2
Q48FH7,2
Q48FK1,2
Q48FM4,2
Q48FN1,2
Q48FT7,2
Q48GK0,2
Q48GV2,2
Q48GW4,2
Q48H61,2
Q48H69,2
Q48HY9,2
Q48HZ2,2
Q48IE2,2
Q48JU8,2
Q48JX8,2
Q48JZ6,2
Q48KH5,2
Q48L24,2
Q48L43,2
Q48LF6,2
Q48LY5,2
Q48LZ8,2
Q48M05,2
Q48M92,2
Q48MT3,2
Q48MV8,2
Q48N21,2
Q48N86,2
Q48NC2,2
Q48NL1,2
Q48NL9,2
Q48NN5,2
Q48NT7,2
Q48NU7,2
Q48NU8,2
Q48NX0,2
Q48P03,2
Q48P81,2
Q48PA1,2
Q48PB0,2
Q48PH1,2
Q48PJ4,2
Q48PJ6,2
Q48Q08,2
Q48Q15,2
Q48QC3,2
Q48QH8,2
Q53091,2
Q59832,2
Q59833,2
Q66624,2
Q66658,2
Q6DNS5,2
Q6JTB2,2
Q6KZ23,2
Q6KZ38,2
Q6KZ89,2
Q6KZB1,2
Q6KZG0,2
Q6KZH9,2
Q6KZI4,2
Q6KZK7,2
Q6KZP5,2
Q6KZW2,2
Q6L0A7,2
Q6L0E8,2
Q6L123,2
Q6L147,2
Q6L174,2
Q6L1F0,2
Q6L1F4,2
Q6L1F6,2
Q6L1G5,2
Q6L1K9,2
Q6L1L7,2
Q6L1M2,2
Q6L1M4,2
Q6L1N2,2
Q6L1W3,2
Q6L204,2
Q6L292,2
Q6L2M4,2
Q6L2N4,2
Q6L2Z8,2
Q6L2Z9,2
Q6TNA6,2
Q6WNV6,2
Q7AKF0,2
Q7NAE2,2
Q7NAU0,2
Q7NAZ1,2
Q7NAZ6,2
Q7NB15,2
Q7NB93,2
Q7NBH2,2
Q7NBH8,2
Q7NBU2,2
Q7NC20,2
Q7NC65,2
Q7NC69,2
Q83943,2
Q8CJM9,2
Q8CJP7,2
Q8CJQ6,2
Q8CJR5,2
Q8CJT1,2
Q8CJT5,2
Q8CK02,2
Q8CK04,2
Q8CK28,2
Q8CXQ3,2
Q8CXQ5,2
Q8EU92,2
Q8EU99,2
Q8EUA1,2
Q8EUB0,2
Q8EUD3,2
Q8EUD7,2
Q8EUG2,2
Q8EUG9,2
Q8EUQ9,2
Q8EUV2,2
Q8EUX4,2
Q8EV81,2
Q8EVD0,2
Q8EVF5,2
Q8EVH2,2
Q8EVH8,2
Q8EW41,2
Q8EWA5,2
Q8EWD1,2
Q8EWX0,2
Q8EWX7,2
Q8RLE0,2
Q91RA4,2
Q93J59,2
Q93JF1,2
Q93RW1,2
Q9ADA7,2
Q9AK76,2
Q9AK82,2
Q9E6L8,2
Q9E6N9,2
Q9E6P5,2
Q9E6Q4,2
Q9EWI9,2
Q9EWS0,2
Q9EWW6,2
Q9F1Y5,2
Q9F305,2
Q9F364,2
Q9FBW3,2
Q9FCC2,2
Q9FCC3,2
Q9FCG5,2
Q9JN05,2
Q9JN82,2
Q9K3R5,2
Q9K3R6,2
Q9K3S8,2
Q9K4A7,2
Q9K4E3,2
Q9KXQ5,2
Q9KXS0,2
Q9KXS1,2
Q9KY00,2
Q9KY50,2
Q9KYV7,2
Q9KZK9,2
Q9KZP1,2
Q9KZV0,2
Q9KZV6,2
Q9L0L0,2
Q9L0Q8,2
Q9L0Y3,2
Q9L1A3,2
Q9L1A4,2
Q9L213,2
Q9L298,2
Q9L2H4,2
Q9PHM6,2
Q9PHM8,2
Q9PHW9,2
Q9PI30,2
Q9PI62,2
Q9PI72,2
Q9PIE4,2
Q9PIG7,2
Q9PIH0,2
Q9PIH1,2
Q9PIH3,2
Q9PIH5,2
Q9PIH8,2
Q9PIK1,2
Q9PIR1,2
Q9PIR7,2
Q9PIR8,2
Q9PIW2,2
Q9PJ29,2
Q9PJ54,2
Q9PJ66,2
Q9PJ85,2
Q9PLV2,2
Q9PLV9,2
Q9PLW7,2
Q9PM37,2
Q9PM78,2
Q9PM80,2
Q9PMD9,2
Q9PMF9,2
Q9PMQ5,2
Q9PMS2,2
Q9PMT4,2
Q9PMU0,2
Q9PMU9,2
Q9PMZ6,2
Q9PN13,2
Q9PN24,2
Q9PN30,2
Q9PN59,2
Q9PN78,2
Q9PN94,2
Q9PNI5,2
Q9PNJ0,2
Q9PNJ9,2
Q9PNL3,2
Q9PNP6,2
Q9PNQ2,2
Q9PNT0,2
Q9PNU6,2
Q9PNY2,2
Q9PP65,2
Q9PP92,2
Q9PP99,2
Q9PPF2,2
Q9PPL8,2
Q9RBU1,2
Q9RDJ9,2
Q9RDK7,2
Q9RDV6,2
Q9RJM2,2
Q9RJS6,2
Q9RKS2,2
Q9RL35,2
Q9RMN9,2
Q9RNH6,2
Q9RNH7,2
Q9S1N4,2
Q9S219,2
Q9S2C0,2
Q9S2H6,2
Q9S2H7,2
Q9S2K7,2
Q9S2N4,2
Q9S2P2,2
Q9S2U8,2
Q9S2V2,2
Q9WX16,2
Q9X7W3,2
Q9X8N6,2
Q9X8R7,2
Q9X9V6,2
Q9XA16,2
Q9XAC2,2
Q9XAP8,2
Q9XC19,2
Q9Z4W9,2
Q9Z4Y5,2
Q9Z4Z7,2
Q9Z519,2
Q9ZBA5,2
Q9ZBR1,2
Q9ZBR6,2
Q9ZBV4,2
Q9ZEP3,2
S7ZEI5,2
A0QNM1,2
A0QNM2,2
A0QQ37,2
A0QRG8,2
A0QSH3,2
A0QSH4,2
A0QSH5,2
A0QSH6,2
A0QTG2,2
A0QTL6,2
A0QUV5,2
A0QWJ5,2
A0QWS1,2
A0QWU2,2
A0QX82,2
A0R1Y7,2
A0R219,2
A0R2D5,2
A0R2V9,2
A0R557,2
A0R5X8,2
A0R7J5,2
A1WGM5,2
A1WGT3,2
A1WHV2,2
A1WHV4,2
A1WHV5,2
A1WI17,2
A1WIH0,2
A1WK55,2
A1WKY6,2
A1WL60,2
A1WL88,2
A1WMU7,2
A1WNY2,2
A1WQ79,2
A1WQL7,2
A1WS77,2
A1WSH5,2
A3PFW7,2
A3PG85,2
A3PGF2,2
A3PGF6,2
A3PGY5,2
A3PH80,2
A3PHK8,2
A3PHL6,2
A3PIA4,2
A3PIN5,2
A3PIU6,2
A3PJ90,2
A3PJQ3,2
A3PK61,2
A3PLT9,2
A3PLV0,2
A3PLX6,2
A3PMR2,2
A3PMS1,2
A3PN48,2
A3PNH8,2
A3PNS5,2
A4IJA6,2
A4IJG4,2
A4IJI1,2
A4IJT3,2
A4IKB5,2
A4IL76,2
A4ILT5,2
A4ILU2,2
A4IM00,2
A4IM28,2
A4IM30,2
A4IM47,2
A4IP00,2
A4IPA2,2
A4IPB3,2
A4IQ80,2
A4IQ85,2
A4IQA8,2
A4IQV5,2
A4IR12,2
A4IR29,2
A4IR49,2
A4IR67,2
A4IRA1,2
A4IRB0,2
A4IRC0,2
A4IRW9,2
A4IS20,2
A4ISR7,2
A4ISS2,2
A4ITL5,2
A4ITW9,2
A4WNJ4,2
A4WNK8,2
A4WNU8,2
A4WNV2,2
A4WP19,2
A4WP56,2
A4WPB6,2
A4WPT1,2
A4WQ67,2
A4WQC5,2
A4WRE3,2
A4WRI4,2
A4WRM2,2
A4WRW1,2
A4WSL5,2
A4WTM7,2
A4WUN9,2
A4WVL6,2
A4WVP7,2
A4WVQ1,2
A4WVY8,2
A4WX68,2
A4ZHT6,2
A6Q1M3,2
A6Q1W3,2
A6Q1W6,2
A6Q1Y1,2
A6Q1Z5,2
A6Q225,2
A6Q2W2,2
A6Q312,2
A6Q3P4,2
A6Q3T0,2
A6Q3V1,2
A6Q3W1,2
A6Q429,2
A6Q446,2
A6Q469,2
A6Q496,2
A6Q4C9,2
A6Q4R0,2
A6Q4V8,2
A6Q539,2
A6Q541,2
A6Q549,2
A9WW39,2
A9WW44,2
A9WWS9,2
A9WXP5,2
A9WXS0,2
A9WYR8,2
B0CGE4,2
B0CGP2,2
B0CGT3,2
B0CGT8,2
B0CGU9,2
B0CGV1,2
B0CH41,2
B0CHK5,2
B0CHP1,2
B0CHW7,2
B0CI46,2
B0CI58,2
B0CIR8,2
B0CJG0,2
B0CJI8,2
B0CKF4,2
B0CKG1,2
B0CKH7,2
B0CKX7,2
B0CKY5,2
B0CL81,2
B0CLJ2,2
B8FP18,2
B8FP20,2
B8FQU0,2
B8FQV3,2
B8FSC1,2
B8FT13,2
B8FT33,2
B8FT64,2
B8FU92,2
B8FUI8,2
B8FUN2,2
B8FUR7,2
B8FVH5,2
B8FXB6,2
B8FZ81,2
B8G0H2,2
B8G1D7,2
B8G1G3,2
B8G2Q5,2
B9KXB8,2
B9KXL4,2
B9KXN9,2
B9KYU7,2
B9KZ66,2
B9L4T8,2
C0RE56,2
C0REG3,2
C0RF56,2
C0RF89,2
C0RFF8,2
C0RFU8,2
C0RFV5,2
C0RFX5,2
C0RG91,2
C0RGA2,2
C0RHH6,2
C0RHI3,2
C0RHZ3,2
C0RI01,2
C0RI93,2
C0RIK0,2
C0RIW8,2
C0RJ65,2
C0RJ73,2
C0RJA4,2
C0RJB0,2
C0RJC0,2
C0RJC2,2
C0RJL1,2
C0RJR0,2
C0RKC9,2
C0RKF4,2
C0RLC0,2
C0RMG8,2
C0RMH3,2
C3LLK9,2
C3LLL0,2
C3LLS2,2
C3LMU1,2
C3LN49,2
C3LN58,2
C3LND6,2
C3LNH9,2
C3LNW7,2
C3LPB8,2
C3LPI0,2
C3LPR5,2
C3LPT5,2
C3LPU2,2
C3LQ19,2
C3LQ20,2
C3LQD5,2
C3LQP9,2
C3LQV4,2
C3LR00,2
C3LR49,2
C3LRX0,2
C3LS53,2
C3LSD6,2
C3LSJ9,2
C3LSR6,2
C3LSS9,2
C3LSZ2,2
C3LT53,2
C3LT54,2
C3LTJ9,2
C3LTV0,2
C3LU31,2
C3LVL9,2
C3LWJ3,2
C3MJ21,2
C3MJI6,2
C3MK52,2
C3MPG7,2
C3MPN8,2
C3MPQ5,2
C3MPR5,2
C3MPR8,2
C3MPW2,2
C3MQ04,2
C3MQ83,2
C3MQ86,2
C3MQD0,2
C3MQG7,2
C3MQM6,2
C3MQV5,2
C3MQZ9,2
C3MR07,2
C3MR14,2
C3MRK1,2
C3MRK4,2
C3NF70,2
C3NFS2,2
C3NFS5,2
C3NGF3,2
C3NGG0,2
C3NGG8,2
C3NGL3,2
C3NGU0,2
C3NGZ9,2
C3NH36,2
C3NH82,2
C3NH85,2
C3NHG3,2
C3NHL1,2
C3NHQ5,2
C3NHQ8,2
C3NHR8,2
C3NHT5,2
C3NI04,2
C3NJQ5,2
C3NJQ6,2
C3NM92,2
C6CWS7,2
C6D563,2
C7NN78,2
C7NST3,2
D9SJ16,2
I7A3T6,2
O08385,2
O52408,2
O54099,2
O68609,2
O69851,2
O69852,2
O69853,2
O86511,2
O86567,2
O86785,2
O88018,2
P06619,2
P0A4P1,2
P10447,2
P13157,2
P14346,2
P16246,2
P16966,2
P17653,2
P22649,2
P23155,2
P23156,2
P24424,2
P24907,2
P40180,2
P52367,2
P52990,2
P54905,2
P89471,2
Q01015,2
Q02059,2
Q02062,2
Q04HU2,2
Q04I25,2
Q04I77,2
Q04IY6,2
Q04J12,2
Q04J40,2
Q04J73,2
Q04JT4,2
Q04JT8,2
Q04JY7,2
Q04K39,2
Q04K45,2
Q04K46,2
Q04K52,2
Q04KC3,2
Q04KG5,2
Q04KZ0,2
Q04L73,2
Q04LC5,2
Q04LJ2,2
Q04LW5,2
Q04MC7,2
Q04MH6,2
Q04MR3,2
Q04MU7,2
Q0EDR2,2
Q0P8U4,2
Q0P8U6,2
Q0P9S6,2
Q0P9X6,2
Q0PAS7,2
Q18TV3,2
Q21DG3,2
Q21EC8,2
Q21EF2,2
Q21EN2,2
Q21FD0,2
Q21FD2,2
Q21FV3,2
Q21HF7,2
Q21HI2,2
Q21HI4,2
Q21HI5,2
Q21I34,2
Q21J10,2
Q21J11,2
Q21JL6,2
Q21JL7,2
Q21K29,2
Q21KW2,2
Q21LG2,2
Q21LY9,2
Q21LZ9,2
Q21M93,2
Q21MH7,2
Q21MK7,2
Q21MR4,2
Q21NX7,2
Q21P11,2
Q2JI33,2
Q2JI70,2
Q2JJ22,2
Q2JJC6,2
Q2JK54,2
Q2JKC1,2
Q2JKD9,2
Q2JKX6,2
Q2JL97,2
Q2JLV1,2
Q2JM55,2
Q2JMA3,2
Q2JN62,2
Q2JNM6,2
Q2JNW7,2
Q2JPM4,2
Q2JQ65,2
Q31DK9,2
Q31DP2,2
Q31DP4,2
Q31DP7,2
Q31E43,2
Q31EK2,2
Q31FT1,2
Q31FZ4,2
Q31G52,2
Q31G55,2
Q31G67,2
Q31GD4,2
Q31GZ0,2
Q31H18,2
Q31H20,2
Q31HN9,2
Q31HX8,2
Q31I36,2
Q31I56,2
Q31I68,2
Q31I95,2
Q31IB5,2
Q31IE3,2
Q31II5,2
Q31IY9,2
Q31J09,2
Q31J85,2
Q31JF8,2
Q31JJ7,2
Q31JJ8,2
Q3IW88,2
Q3IYH5,2
Q3IYR9,2
Q3IZ05,2
Q3IZ49,2
Q3IZH6,2
Q3IZI5,2
Q3J0C4,2
Q3J0F0,2
Q3J0G1,2
Q3J252,2
Q3J2A5,2
Q3J2K9,2
Q3J340,2
Q3J3I6,2
Q3J3P6,2
Q3J445,2
Q3J4X5,2
Q3J555,2
Q3J5E9,2
Q3J5T0,2
Q3J5W3,2
Q3J5W7,2
Q3J661,2
Q3J6I0,2
Q3V8B2,2
Q46124,2
Q48BF5,2
Q48CC8,2
Q48CH7,2
Q48CM0,2
Q48D29,2
Q48DG3,2
Q48DI0,2
Q48DL7,2
Q48DQ3,2
Q48DT7,2
Q48EC8,2
Q48ED0,2
Q48EF0,2
Q48EV7,2
Q48EV8,2
Q48F42,2
Q48F46,2
Q48F69,2
Q48F71,2
Q48F72,2
Q48F78,2
Q48F81,2
Q48FJ9,2
Q48GH3,2
Q48H68,2
Q48IB1,2
Q48IV1,2
Q48JG9,2
Q48L36,2
Q48L52,2
Q48L54,2
Q48LV8,2
Q48M15,2
Q48MF3,2
Q48MR4,2
Q48NP8,2
Q48NU0,2
Q48P92,2
Q48P93,2
Q48PD2,2
Q48PK6,2
Q48Q10,2
Q48Q16,2
Q48QI2,2
Q69025,2
Q6KYV3,2
Q6KZL5,2
Q6KZQ5,2
Q6L013,2
Q6L016,2
Q6L0F2,2
Q6L0P9,2
Q6L0W5,2
Q6L135,2
Q6L153,2
Q6L171,2
Q6L178,2
Q6L1E2,2
Q6L1U1,2
Q6L273,2
Q6L2G8,2
Q6L2K9,2
Q6L2T8,2
Q7NAD7,2
Q7NAE3,2
Q7NB74,2
Q7NB79,2
Q7NBG2,2
Q7NBG7,2
Q7NBS4,2
Q7NBV1,2
Q83944,2
Q84173,2
Q85428,2
Q89940,2
Q8CXQ6,2
Q8EUA8,2
Q8EUV4,2
Q8EUW9,2
Q8EUX9,2
Q8EUY4,2
Q8EVJ9,2
Q8EVP2,2
Q8EW81,2
Q8EWA4,2
Q8EWB6,2
Q8EWX1,2
Q8EX00,2
Q8JYK1,2
Q93RW2,2
Q9ADB2,2
Q9E6M4,2
Q9EWJ9,2
Q9F309,2
Q9FA52,2
Q9FBX1,2
Q9K3L9,2
Q9K3T2,2
Q9K4F4,2
Q9KX62,2
Q9KX67,2
Q9KXR1,2
Q9KXR2,2
Q9KYP1,2
Q9L0Y6,2
Q9L1I2,2
Q9L1I4,2
Q9PHT9,2
Q9PHU0,2
Q9PI98,2
Q9PIB8,2
Q9PIB9,2
Q9PII2,2
Q9PIK8,2
Q9PIL5,2
Q9PIM1,2
Q9PIZ3,2
Q9PJ01,2
Q9PJ28,2
Q9PMP8,2
Q9PMQ3,2
Q9PN20,2
Q9PN25,2
Q9PNB8,2
Q9PNH7,2
Q9PNJ6,2
Q9PNQ6,2
Q9PNU3,2
Q9PP06,2
Q9PPA9,2
Q9PPF1,2
Q9PPF3,2
Q9PPI9,2
Q9PPJ4,2
Q9PPL4,2
Q9RDV3,2
Q9RK00,2
Q9S2R1,2
Q9S2W4,2
Q9X4E0,2
Q9XA06,2
Q9XAC0,2
Q9XAD5,2
Q9YUS2,2
Q9Z618,2
Q9ZBH0,2
Q9ZBS2,2
Q9ZBX9,2
Q9ZBY8,2
Q9ZFA8,2
S7ZEI0,2
Q573D6,2
Q573E7,2
A0QUA1,6
A0QWT2,6
A0QZY0,6
A0R3R7,6
A0R618,6
O88070,6
Q9KZC7,6
Q9RDS6,6
S7ZFK6,6
A0QQH7,6
A0QTG1,6
A0QUP1,6
A0QUW7,6
A0QYQ7,6
A0QYV1,6
A0QZ42,6
A0R079,6
A0R083,6
A0R4Q2,6
A0R5G1,6
A1WL89,6
A3PLA0,6
A4IM04,6
A4WQW2,6
B0CGT4,6
B9L1H7,6
C0RJA5,6
C3LQZ1,6
O69290,6
P15106,6
Q04JL8,6
Q21LC4,6
Q2JJ30,6
Q2JLG7,6
Q31G66,6
Q3J0Z1,6
Q48F77,6
Q6KZM5,6
Q6L1K7,6
Q6TNA5,6
Q9KXR5,6
Q9KXR6,6
Q9PJ84,6
Q9S224,6
Q9S2W7,6
S7Z800,6
A0QUY7,6
A0QUZ7,6
A0QVM0,6
A0QWG2,6
A0QWN3,6
A0QWQ4,6
A0QX66,6
A0R015,6
A0R018,6
A0R2Y2,6
A0R3H2,6
A0R3M4,6
A0R558,6
A0R580,6
A0R5N1,6
A0R5T2,6
A0R5T3,6
A0R638,6
A1WDW5,6
A1WHI6,6
A1WIG8,6
A1WLG5,6
A1WMG5,6
A1WMG9,6
A1WMN5,6
A1WN86,6
A1WP10,6
A1WRA7,6
A1WRC4,6
A1WRL2,6
A1WRL3,6
A1WSL6,6
A1WSR5,6
A3PGQ3,6
A3PGQ9,6
A3PHJ6,6
A3PHK2,6
A3PHS4,6
A3PHS9,6
A3PHT2,6
A3PIU9,6
A3PJ74,6
A3PK79,6
A3PL98,6
A3PLC6,6
A3PLG8,6
A3PLJ1,6
A3PMJ1,6
A3PMK8,6
A3PN13,6
A4IJ96,6
A4IJG6,6
A4IJG8,6
A4IJS8,6
A4IJX2,6
A4IJX3,6
A4IJY6,6
A4IJZ1,6
A4ILN7,6
A4IM25,6
A4IM83,6
A4IMD1,6
A4IQ60,6
A4IR80,6
A4IRM4,6
A4IRW1,6
A4ITQ8,6
A4ITU9,6
A4WNM6,6
A4WPF7,6
A4WPH4,6
A4WQD2,6
A4WQD6,6
A4WQD9,6
A4WQU1,6
A4WQW4,6
A4WQY3,6
A4WR15,6
A4WRP6,6
A4WTP4,6
A4WU98,6
A4WV24,6
A4WV47,6
A4WX62,6
A6Q186,6
A6Q342,6
A6Q354,6
A6Q391,6
A6Q3E8,6
A6Q3R4,6
A6Q3Z7,6
A6Q401,6
A6Q433,6
A6Q4I1,6
A6Q4N8,6
A6Q4S8,6
A6Q576,6
A6Q581,6
A6Q5H2,6
A6Q5I8,6
A9WWG0,6
A9WWT6,6
A9WY54,6
A9WYH0,6
B0CGG7,6
B0CGM0,6
B0CGU5,6
B0CGZ9,6
B0CHK8,6
B0CHL9,6
B0CHS0,6
B0CIT0,6
B0CIX5,6
B0CJW0,6
B0CJX0,6
B0CL77,6
B0CLG4,6
B0CLL0,6
B8FP44,6
B8FR28,6
B8FT35,6
B8FT58,6
B8FXX3,6
B8FZE0,6
B8G0I5,6
B8G0L8,6
B8G0N6,6
B8G1I4,6
B9KXM2,6
B9KXM5,6
B9KYV8,6
B9KZ37,6
B9KZ38,6
B9KZR0,6
B9L0I4,6
B9L0W3,6
B9L131,6
C0RE59,6
C0RE69,6
C0REC2,6
C0REU7,6
C0RF62,6
C0RFH1,6
C0RFL5,6
C0RG06,6
C0RH45,6
C0RI89,6
C0RIH1,6
C0RIL8,6
C0RJ44,6
C0RKS9,6
C0RL24,6
C3LLL2,6
C3LLR5,6
C3LLS4,6
C3LM61,6
C3LM83,6
C3LP35,6
C3LRR4,6
C3LS81,6
C3LST7,6
C3LT21,6
C3LTL9,6
C3LU07,6
C3LUM7,6
C3LUV8,6
C3LVI8,6
C3MJ14,6
C3MJ88,6
C3MJP1,6
C3MKT5,6
C3MPQ0,6
C3MPS1,6
C3MQE3,6
C3MQF3,6
C3MQH9,6
C3MR87,6
C3NF77,6
C3NG91,6
C3NGY7,6
C3NH14,6
C3NH23,6
C3NHQ2,6
C3NHS3,6
C3NMQ6,6
C3NMS5,6
C3NMY1,6
E1ACQ0,6
E6ELF6,6
O06851,6
O30819,6
O34845,6
O52914,6
O86528,6
O87840,6
O88054,6
O88055,6
P0C634,6
P15419,6
P24532,6
P41257,6
P41258,6
Q04HS5,6
Q04HZ7,6
Q04I59,6
Q04I74,6
Q04IA3,6
Q04J98,6
Q04JB0,6
Q04JD7,6
Q04JQ8,6
Q04JT1,6
Q04JW5,6
Q04K48,6
Q04KH2,6
Q04LI2,6
Q04LK1,6
Q04LU1,6
Q04M63,6
Q04MI4,6
Q04N48,6
Q0PAT1,6
Q21HA8,6
Q21HK3,6
Q21HP4,6
Q21I21,6
Q21IW6,6
Q21JG6,6
Q21JI8,6
Q21K22,6
Q21KD6,6
Q21KE0,6
Q21KM1,6
Q21L68,6
Q21LV0,6
Q21LV6,6
Q21MA4,6
Q21MG7,6
Q21MG8,6
Q21MH1,6
Q2JHP5,6
Q2JHU3,6
Q2JI39,6
Q2JIV0,6
Q2JJV2,6
Q2JKN4,6
Q2JKY3,6
Q2JL88,6
Q2JLC4,6
Q2JLU3,6
Q2JMA8,6
Q2JPK0,6
Q2JQ36,6
Q31DQ3,6
Q31E84,6
Q31F14,6
Q31F18,6
Q31F19,6
Q31F66,6
Q31F91,6
Q31FF6,6
Q31FV4,6
Q31G89,6
Q31GB2,6
Q31GN4,6
Q31GU1,6
Q31H54,6
Q31H76,6
Q31H87,6
Q31HK9,6
Q31I42,6
Q31I43,6
Q31I61,6
Q3IZ84,6
Q3IZP1,6
Q3IZQ8,6
Q3J0R1,6
Q3J0T3,6
Q3J0X4,6
Q3J0Z3,6
Q3J210,6
Q3J273,6
Q3J2V7,6
Q3J355,6
Q3J3I3,6
Q3J4K2,6
Q3J4L8,6
Q3J4M1,6
Q3J4M6,6
Q3J4Z5,6
Q3J5M4,6
Q3J5M6,6
Q3J5N0,6
Q48EF6,6
Q48EF9,6
Q48F26,6
Q48FC1,6
Q48FD4,6
Q48G09,6
Q48G25,6
Q48H74,6
Q48JR8,6
Q48JR9,6
Q48JS3,6
Q48K68,6
Q48KA5,6
Q48KR2,6
Q48L06,6
Q48LT7,6
Q48LW5,6
Q48LX3,6
Q48LY0,6
Q48MF2,6
Q48N87,6
Q48NK6,6
Q48NN3,6
Q48NY2,6
Q48NZ7,6
Q6KZC5,6
Q6KZF9,6
Q6KZN5,6
Q6KZQ3,6
Q6KZR2,6
Q6L0D1,6
Q6L0V9,6
Q6L195,6
Q6L1M5,6
Q6L1N5,6
Q6L1Z4,6
Q6L206,6
Q6L2J1,6
Q6L2M3,6
Q6L2V8,6
Q7NAD6,6
Q7NAE5,6
Q7NAF8,6
Q7NAR7,6
Q7NB88,6
Q7NBB7,6
Q7NBB8,6
Q7NBG0,6
Q7NBH9,6
Q7NBT5,6
Q7NBY8,6
Q7NC34,6
Q8CJX0,6
Q8EU94,6
Q8EUJ8,6
Q8EUJ9,6
Q8EUN9,6
Q8EUR6,6
Q8EUS8,6
Q8EUX2,6
Q8EVI1,6
Q8EVV1,6
Q8EW01,6
Q8EW64,6
Q8EWB7,6
Q8EWJ2,6
Q8EWK9,6
Q8EWL9,6
Q8EWS9,6
Q8EX08,6
Q8EX28,6
Q93IZ8,6
Q9ADA4,6
Q9F2I9,6
Q9F323,6
Q9FCB1,6
Q9FCC1,6
Q9KXP9,6
Q9KY56,6
Q9KZA7,6
Q9KZK8,6
Q9L0H2,6
Q9L0Q6,6
Q9L278,6
Q9L2H9,6
Q9PHK7,6
Q9PHM7,6
Q9PHY1,6
Q9PHZ7,6
Q9PI05,6
Q9PI73,6
Q9PIB3,6
Q9PIB4,6
Q9PIJ1,6
Q9PIK2,6
Q9PIL7,6
Q9PIS3,6
Q9PMD2,6
Q9PMG4,6
Q9PMG8,6
Q9PN27,6
Q9PN47,6
Q9PN49,6
Q9PNN7,6
Q9PNY0,6
Q9PP34,6
Q9PP35,6
Q9PP78,6
Q9PP85,6
Q9PPB0,6
Q9PPB8,6
Q9PPC2,6
Q9PPE4,6
Q9RFD5,6
Q9RJ16,6
Q9RJ50,6
Q9RJ61,6
Q9RJM5,6
Q9RKK5,6
Q9RKK6,6
Q9RKL4,6
Q9S2W9,6
Q9S2X5,6
Q9X827,6
Q9X844,6
Q9X8P6,6
Q9X928,6
Q9XAK7,6
Q9Z581,6
Q9Z585,6
Q9ZBR9,6
Q9ZBX1,6
Q9ZFA3,6
A0QQQ2,6
A0QUW9,6
A0QUX1,6
A0QXJ6,6
A0QYS6,6
A0R3D6,6
A0R3T8,6
A0R4I0,6
A0R7H5,6
A1WFG0,6
A1WGU0,6
A1WJL0,6
A1WKI1,6
A1WS08,6
A3PH07,6
A3PHH4,6
A3PHJ3,6
A3PI89,6
A3PI90,6
A3PJH4,6
A3PK32,6
A3PM52,6
A3PMH0,6
A3PMN4,6
A3PNQ9,6
A4IJX5,6
A4IJZ2,6
A4IJZ3,6
A4ILZ2,6
A4ILZ9,6
A4IQ54,6
A4IR95,6
A4IRS3,6
A4IRY3,6
A4ITM9,6
A4WPJ3,6
A4WQ11,6
A4WQZ1,6
A4WUQ2,6
A4WUQ3,6
A4WVX3,6
A4WX36,6
A4WX55,6
A4WXA5,6
A6Q371,6
A6Q3C7,6
A6Q3P9,6
A6Q3S4,6
A6Q4I0,6
A6Q512,6
A6Q543,6
A6Q559,6
A9WWG9,6
A9WWT1,6
A9WXP3,6
A9WYR3,6
A9WYR4,6
B0CII7,6
B0CIM5,6
B0CK89,6
B0CL02,6
B0CL36,6
B0CLE9,6
B0CLG9,6
B0CLK2,6
B0CLM5,6
B8FP01,6
B8FP03,6
B8FP45,6
B8FQR7,6
B8FUJ0,6
B8FUJ1,6
B8FUR3,6
B8FWX2,6
B8FZ89,6
B8G1U2,6
B9KZK4,6
B9L146,6
C0REV5,6
C0RF58,6
C0RGD6,6
C0RGH3,6
C0RHB0,6
C0RI19,6
C0RI52,6
C0RIF7,6
C0RIH6,6
C0RIL0,6
C0RIN3,6
C0RKC7,6
C0RLB5,6
C0RLB6,6
C3LNF1,6
C3LP93,6
C3LPN0,6
C3LPP6,6
C3LQ53,6
C3LRV3,6
C3LT13,6
C3LTC5,6
C3LTP5,6
C3LUC2,6
C3MJX9,6
C3MKC1,6
C3MPS2,6
C3MQL0,6
C3MRE4,6
C3MRH3,6
C3NFX3,6
C3NGV6,6
C3NHQ1,6
C3NMG4,6
C3NMT8,6
O54075,6
O54154,6
P18204,6
Q04I50,6
Q04I94,6
Q04IJ8,6
Q04J33,6
Q04JK7,6
Q04JM7,6
Q04JM8,6
Q04K90,6
Q04M40,6
Q04M41,6
Q04M42,6
Q04MJ2,6
Q04MW7,6
Q04N22,6
Q04N25,6
Q04N53,6
Q21EP1,6
Q21FG6,6
Q21FS7,6
Q21FS8,6
Q21HZ6,6
Q21I40,6
Q21J37,6
Q21MA8,6
Q21MC3,6
Q21MZ8,6
Q21PU3,6
Q2JHX0,6
Q2JJ74,6
Q2JJK5,6
Q2JK96,6
Q2JKL2,6
Q2JKP0,6
Q2JKS2,6
Q2JL07,6
Q2JL51,6
Q2JMD8,6
Q2JNH3,6
Q31DX2,6
Q31F52,6
Q31F53,6
Q31F54,6
Q31G65,6
Q31GQ3,6
Q31GT2,6
Q31H63,6
Q31I05,6
Q31IE8,6
Q31J79,6
Q3IWD2,6
Q3IYJ1,6
Q3IZL4,6
Q3IZS9,6
Q3J047,6
Q3J281,6
Q3J459,6
Q3J460,6
Q3J4E3,6
Q3J4Z8,6
Q3J517,6
Q3J5C7,6
Q48BZ2,6
Q48DN1,6
Q48E91,6
Q48E92,6
Q48E93,6
Q48F14,6
Q48FB4,6
Q48FI4,6
Q48LD2,6
Q48LZ3,6
Q48NY1,6
Q48PI2,6
Q48PX1,6
Q48QJ1,6
Q6KZA3,6
Q6KZM3,6
Q6L0N9,6
Q6L1N7,6
Q6L1Q1,6
Q6L1Q5,6
Q6L1V1,6
Q7NAH7,6
Q7NAI9,6
Q7NAM0,6
Q7NAN0,6
Q7NAT8,6
Q7NB47,6
Q7NBM9,6
Q7NBP5,6
Q7NBS9,6
Q7NC67,6
Q8EUQ1,6
Q8EUW7,6
Q8EVF2,6
Q8EW03,6
Q8EW18,6
Q8EWB8,6
Q8EWQ5,6
Q8EWQ7,6
Q9KXP2,6
Q9KY07,6
Q9KYR6,6
Q9PHX1,6
Q9PHZ9,6
Q9PIA5,6
Q9PMK7,6
Q9PN98,6
Q9PNC0,6
Q9PNK3,6
Q9PNN2,6
Q9PPF4,6
Q9PPK3,6
Q9RDL5,6
Q9RKL1,6
Q9WX29,6
Q9X5M0,6
Q9X895,6
Q9X8I6,6
Q9Z578,6
Q9Z580,6
A0A0H2ZL64,3
A0A0H2ZMF9,3
A0A0H2ZNH9,3
A0MD28,3
A0QUZ2,3
A0QVH8,3
A0QX22,3
A0QZ49,3
A0R152,3
A0R6E0,3
A2T3P0,3
A2T3S5,3
C0RGW8,3
C7BKP9,3
O73556,3
P03132,3
P03252,3
P03353,3
P03363,3
P04584,3
P04936,3
P05962,3
P06210,3
P07564,3
P0C6U9,3
P0C6X8,3
P0DJY0,3
P0DTC1,3
P0DTD1,3
P12451,3
P12823,3
P14337,3
P14340,3
P15833,3
P17757,3
P18042,3
P18096,3
P20876,3
P23069,3
P24107,3
P26660,3
P26661,3
P27914,3
P29990,3
P29991,3
P35963,3
P51517,3
P51518,3
P95722,3
Q03495,3
Q52430,3
Q68749,3
Q74120,3
Q76634,3
Q89928,3
Q8B912,3
Q8BB16,3
Q99D35,3
Q99IB8,3
Q9AK25,3
Q9DHD6,3
Q9E6P2,3
Q9ILI5,3
Q9JGF2,3
Q9QAX1,3
Q9S2A5,3
Q9WDA6,3
Q9WJB2,3
Q9WNW0,3
Q9XA14,3
Q9YN02,3
Q9ZBQ7,3
A0QNL1,3
A0QNZ7,3
A0QRY6,3
A0QS29,3
A0QSC0,3
A0QV21,3
A0QVT2,3
A0QVY5,3
A0QWH0,3
A0QZ47,3
A0R0W9,3
A0R2G4,3
A0R2W9,3
A0R3C4,3
A0R563,3
A0R567,3
A0R619,3
A0R7G2,3
A1WHX2,3
A1WQF4,3
A4IKW6,3
A4IT57,3
A4ITV2,3
A4UHQ7,3
A6Q234,3
A6Q5H7,3
B8FXD7,3
B8FXD8,3
B9KXV3,3
B9UYK5,3
B9UYK7,3
C3LUP3,3
C6CRV0,3
D0KN27,3
D0LWB8,3
D3JV05,3
P03537,3
P06275,3
P0C0W0,3
P0C6K7,3
P11298,3
P12929,3
P18547,3
P26676,3
P36719,3
P36720,3
P50761,3
P50763,3
P50764,3
P52369,3
P81594,3
P89449,3
P89459,3
P94804,3
Q01002,3
Q09106,3
Q0P8U5,3
Q0PC20,3
Q21FY5,3
Q2VNF0,3
Q48NU4,3
Q67387,3
Q67620,3
Q6DPK1,3
Q6L1H9,3
Q6TG07,3
Q6XV43,3
Q75VQ4,3
Q7AKQ5,3
Q7NAZ2,3
Q8EUA6,3
Q93J06,3
Q9ADK0,3
Q9E6N3,3
Q9F315,3
Q9ILI6,3
Q9K4B1,3
Q9PM40,3
Q9PMS6,3
Q9QBF1,3
Q9RDE2,3
Q9S2H9,3
Q9ZBQ6,3
Q9ZFA4,3
Q9ZH58,3
A0A0H2ZQT7,3
A0A168WVR6,3
A0QNG3,3
A0QQ39,3
A0QQ98,3
A0QQH5,3
A0QRN6,3
A0QS28,3
A0QS30,3
A0QSY5,3
A0QU88,3
A0QV20,3
A0QV44,3
A0QW08,3
A0QWH4,3
A0QWH6,3
A0QX51,3
A0QX86,3
A0QX88,3
A0QYE0,3
A0QZY5,3
A0R080,3
A0R0N4,3
A0R0T0,3
A0R149,3
A0R2I7,3
A0R3E0,3
A0R3I7,3
A0R3Q8,3
A0R596,3
A0R5M9,3
A0R627,3
A1WEL1,3
A1WFG9,3
A1WFT0,3
A1WH14,3
A1WHV6,3
A1WI31,3
A1WIM3,3
A1WJ68,3
A1WK80,3
A1WM26,3
A1WMW1,3
A1WMW4,3
A1WP07,3
A1WPR5,3
A1WQ68,3
A1WRK0,3
A1WSJ3,3
A1WSK3,3
A1WSU0,3
A3PFL2,3
A3PFX4,3
A3PG34,3
A3PGF8,3
A3PHK4,3
A3PHQ9,3
A3PI75,3
A3PJ78,3
A3PK22,3
A3PL38,3
A3PLU2,3
A3PLU5,3
A3PM50,3
A3PMR3,3
A3PNE9,3
A3PNH5,3
A3PNJ7,3
A3PNS7,3
A3PQJ0,3
A4IJ95,3
A4IJS3,3
A4IJX2,3
A4IKW7,3
A4IM26,3
A4IM52,3
A4IM67,3
A4IM80,3
A4IM88,3
A4IMK1,3
A4IMP1,3
A4IMP4,3
A4INW9,3
A4IPB6,3
A4IQ49,3
A4IQS0,3
A4IR02,3
A4IR35,3
A4IR66,3
A4IR99,3
A4IRB2,3
A4IRC7,3
A4IRL1,3
A4ISE0,3
A4ISR4,3
A4IT60,3
A4ITX1,3
A4WNJ6,3
A4WNL5,3
A4WNV1,3
A4WPB7,3
A4WQ13,3
A4WR75,3
A4WRK9,3
A4WRQ0,3
A4WRW7,3
A4WRX0,3
A4WUN2,3
A4WVP5,3
A4WVR6,3
A4WVZ0,3
A4WW31,3
A4WW38,3
A4WWA0,3
A4WWQ0,3
A4WWS1,3
A4WX64,3
A4WX88,3
A4WZ45,3
A4ZHR8,3
A6Q128,3
A6Q1H0,3
A6Q1P1,3
A6Q1X7,3
A6Q223,3
A6Q241,3
A6Q2W6,3
A6Q349,3
A6Q3D6,3
A6Q3Q1,3
A6Q4D2,3
A6Q4D7,3
A6Q5J3,3
A6Q652,3
A9WVU2,3
A9WW41,3
A9WW49,3
A9WW52,3
A9WWH9,3
A9WWI1,3
A9WWU1,3
A9WWW9,3
A9WZ75,3
A9WZF8,3
B0CGM4,3
B0CGM5,3
B0CGU2,3
B0CHL2,3
B0CIQ3,3
B0CIQ7,3
B0CIU0,3
B0CJG2,3
B0CJI0,3
B0CK74,3
B0CKG2,3
B0CKY7,3
B8FP05,3
B8FP22,3
B8FQT8,3
B8FQV5,3
B8FQV7,3
B8FRG9,3
B8FRK8,3
B8FT17,3
B8FU83,3
B8FUP2,3
B8FUR9,3
B8FWD3,3
B8FX50,3
B8FZR4,3
B8G120,3
B8G1J0,3
B9KXM8,3
B9KYE6,3
B9KYK0,3
B9KYW4,3
B9KZ09,3
B9KZ23,3
B9KZ37,3
B9KZ87,3
B9L101,3
B9L111,3
B9L1Z5,3
B9L3S8,3
C0RE63,3
C0REW5,3
C0REW7,3
C0RF67,3
C0RFI1,3
C0RFW8,3
C0RG65,3
C0RGK0,3
C0RGK4,3
C0RH97,3
C0RI03,3
C0RJ47,3
C0RJ48,3
C0RJB4,3
C0RLT3,3
C0RM19,3
C0RMH0,3
C0RMH8,3
C0RMI1,3
C3LLQ0,3
C3LLQ1,3
C3LLS7,3
C3LLT8,3
C3LNE8,3
C3LNF0,3
C3LNF3,3
C3LPF7,3
C3LPN8,3
C3LPP0,3
C3LPT4,3
C3LQ18,3
C3LQD2,3
C3LQF1,3
C3LQI3,3
C3LQN2,3
C3LQR1,3
C3LQU1,3
C3LQY9,3
C3LR04,3
C3LR06,3
C3LR42,3
C3LR47,3
C3LR63,3
C3LRK7,3
C3LRV6,3
C3LS16,3
C3LSA4,3
C3LSG8,3
C3LSH8,3
C3LST8,3
C3LSU7,3
C3LSV6,3
C3LUK2,3
C3LWT7,3
C3MJ44,3
C3MJB8,3
C3MJC4,3
C3MKC9,3
C3MPN4,3
C3MQ16,3
C3MQK7,3
C3MR62,3
C3MRE5,3
C3NF46,3
C3NFX2,3
C3NGB7,3
C3NGV9,3
C3NHF1,3
C3NHT9,3
C3NJ74,3
C3NJ80,3
C3NMU5,3
C7NQ99,3
D0KQM8,3
D0KRX1,3
D0KTH0,3
D2PDG6,3
D2PK63,3
E1ACR1,3
E6ENP9,3
F0KKL2,3
O14412,3
O33565,3
O39988,3
O40958,3
O52353,3
O54134,3
O54161,3
O69300,3
O69873,3
O69979,3
O69989,3
O86507,3
O86508,3
O86737,3
O86820,3
O88011,3
P03112,3
P06489,3
P07883,3
P07918,3
P0A3Z1,3
P0A3Z3,3
P0A3Z7,3
P0CB00,3
P0CB01,3
P0DW07,3
P10439,3
P14597,3
P15419,3
P15736,3
P16249,3
P25465,3
P25466,3
P45497,3
P50760,3
P51594,3
P51894,3
P52156,3
P54093,3
P57666,3
P59945,3
P87563,3
P89453,3
Q01013,3
Q01014,3
Q01056,3
Q02512,3
Q04J42,3
Q04JC5,3
Q04JN6,3
Q04JT5,3
Q04K72,3
Q04KB7,3
Q04KF4,3
Q04KF8,3
Q04KF9,3
Q04KK7,3
Q04KR8,3
Q04KS5,3
Q04L26,3
Q04L84,3
Q04LL3,3
Q04M23,3
Q04M67,3
Q04M70,3
Q04M97,3
Q04MF9,3
Q04MI9,3
Q04N19,3
Q05111,3
Q05135,3
Q07847,3
Q0P8J7,3
Q0P8T0,3
Q0P8U2,3
Q0P9K4,3
Q0P9V4,3
Q0PA35,3
Q0PA50,3
Q0PBE9,3
Q0PC41,3
Q20PL7,3
Q21DG1,3
Q21EE3,3
Q21F24,3
Q21FQ0,3
Q21FT3,3
Q21G20,3
Q21H72,3
Q21H92,3
Q21HG2,3
Q21HI6,3
Q21HN4,3
Q21HN6,3
Q21I23,3
Q21IH3,3
Q21II7,3
Q21IQ9,3
Q21J46,3
Q21JE9,3
Q21JT2,3
Q21KZ5,3
Q21L89,3
Q21M07,3
Q21MG3,3
Q21NB9,3
Q21P94,3
Q2JIE6,3
Q2JJ90,3
Q2JJG9,3
Q2JJZ9,3
Q2JK61,3
Q2JKK9,3
Q2JKL5,3
Q2JN09,3
Q2JNP0,3
Q2JP15,3
Q2JP68,3
Q2JPK0,3
Q2JPT8,3
Q2JPX4,3
Q2JQ25,3
Q2JQ88,3
Q2VNE6,3
Q31DJ0,3
Q31DQ5,3
Q31E66,3
Q31EB2,3
Q31EL5,3
Q31ET3,3
Q31FD3,3
Q31FH4,3
Q31FI6,3
Q31FY5,3
Q31G32,3
Q31G37,3
Q31G41,3
Q31G56,3
Q31GE9,3
Q31H49,3
Q31H51,3
Q31H83,3
Q31H85,3
Q31HL9,3
Q31HP5,3
Q31HQ4,3
Q31I39,3
Q31ID1,3
Q31II8,3
Q31IL7,3
Q31IT4,3
Q31J37,3
Q31J60,3
Q31JB0,3
Q3IX60,3
Q3IX78,3
Q3IXX9,3
Q3IY64,3
Q3IYB9,3
Q3IYC6,3
Q3IYH3,3
Q3IYQ0,3
Q3IYS2,3
Q3IYU8,3
Q3J049,3
Q3J086,3
Q3J0F5,3
Q3J0F8,3
Q3J154,3
Q3J1W3,3
Q3J290,3
Q3J436,3
Q3J474,3
Q3J4K2,3
Q3J4P0,3
Q3J5H6,3
Q3J5W1,3
Q3J653,3
Q3J6B2,3
Q3J6H3,3
Q48BF3,3
Q48C78,3
Q48CD3,3
Q48CK1,3
Q48D01,3
Q48DE6,3
Q48E97,3
Q48EG4,3
Q48EU9,3
Q48EV0,3
Q48EV3,3
Q48F11,3
Q48F12,3
Q48F23,3
Q48F49,3
Q48F57,3
Q48F73,3
Q48FC3,3
Q48FC5,3
Q48G22,3
Q48GG6,3
Q48HJ1,3
Q48HZ0,3
Q48IH8,3
Q48JI5,3
Q48KB0,3
Q48KM6,3
Q48KS9,3
Q48KX6,3
Q48KX8,3
Q48KZ8,3
Q48L09,3
Q48LP5,3
Q48LS4,3
Q48LT4,3
Q48ND9,3
Q48NL2,3
Q48NS2,3
Q48P11,3
Q48PI4,3
Q48PJ7,3
Q48PK8,3
Q48PL3,3
Q53158,3
Q66641,3
Q66666,3
Q6DNX9,3
Q6KZ38,3
Q6KZ41,3
Q6KZB3,3
Q6KZD3,3
Q6KZJ4,3
Q6KZK4,3
Q6L046,3
Q6L0V9,3
Q6L181,3
Q6L1F5,3
Q6L1J7,3
Q6L1K9,3
Q6L1R3,3
Q6L2I9,3
Q6L2W1,3
Q6WNV6,3
Q7NAD9,3
Q7NAE4,3
Q7NAT2,3
Q7NB30,3
Q7NBA9,3
Q7NBQ3,3
Q80902,3
Q80909,3
Q80922,3
Q83943,3
Q89269,3
Q8EUL6,3
Q8EUV6,3
Q8EV77,3
Q8EV80,3
Q8EVN6,3
Q8EVW9,3
Q8EWL0,3
Q8EWM7,3
Q8EWS0,3
Q8EWT2,3
Q8EWZ9,3
Q93RZ5,3
Q96629,3
Q9E6N9,3
Q9E6Q5,3
Q9FC33,3
Q9FC36,3
Q9FCA2,3
Q9FCD3,3
Q9K3J6,3
Q9K407,3
Q9K487,3
Q9K4F6,3
Q9KXN0,3
Q9KXR3,3
Q9KY50,3
Q9KZ78,3
Q9KZM1,3
Q9L287,3
Q9L289,3
Q9L291,3
Q9PHK9,3
Q9PHM9,3
Q9PHZ7,3
Q9PIS4,3
Q9PIZ5,3
Q9PJA1,3
Q9PLU8,3
Q9PM39,3
Q9PM71,3
Q9PM75,3
Q9PM76,3
Q9PMT7,3
Q9PN07,3
Q9PN78,3
Q9PN90,3
Q9PNR1,3
Q9PNX9,3
Q9PNY2,3
Q9PP04,3
Q9RDC9,3
Q9RDE4,3
Q9RDE5,3
Q9RI72,3
Q9RK81,3
Q9RKB9,3
Q9RKK6,3
Q9RKU5,3
Q9S281,3
Q9S2N2,3
Q9S2Q7,3
Q9S2U1,3
Q9S2X7,3
Q9WAB1,3
Q9X7M4,3
Q9X7N2,3
Q9X7R6,3
Q9X7R9,3
Q9X7T2,3
Q9X8I3,3
Q9X8I9,3
Q9X8W0,3
Q9XA15,3
Q9XAB7,3
Q9XAK6,3
Q9ZBT9,3
S8ASK9,3
A0QQP8,3
A0QRJ0,3
A0QTE5,3
A0QV01,3
A0QV24,3
A0QWQ5,3
A0QYE2,3
A0QZE3,3
A0QZX2,3
A0R1Z0,3
A0R3D3,3
A1WE26,3
A1WFS9,3
A1WH77,3
A1WIM4,3
A1WIM6,3
A1WKI2,3
A1WQ64,3
A1WR17,3
A3PGZ4,3
A3PH01,3
A3PI61,3
A3PIB4,3
A3PIP7,3
A3PIZ9,3
A3PJD6,3
A3PKS1,3
A3PL41,3
A3PL42,3
A3PLU3,3
A3PML9,3
A3PMX6,3
A3PN16,3
A3PN31,3
A3PNX3,3
A3PNY0,3
A3PRU3,3
A3PRW1,3
A4IJC9,3
A4IKB1,3
A4IKQ7,3
A4IL88,3
A4ILL6,3
A4ILT6,3
A4IM31,3
A4IMB9,3
A4IMH1,3
A4IN19,3
A4IPX2,3
A4IQR9,3
A4IR19,3
A4IR78,3
A4ISQ2,3
A4ITQ2,3
A4ITX4,3
A4WNM9,3
A4WP35,3
A4WPE4,3
A4WQ76,3
A4WQ81,3
A4WR72,3
A4WR73,3
A4WRW9,3
A4WSH8,3
A4WTH0,3
A4WTQ6,3
A4WU04,3
A4WUS9,3
A4WWV6,3
A4WZQ4,3
A6Q1C1,3
A6Q232,3
A6Q339,3
A6Q3D2,3
A6Q3V4,3
A6Q441,3
A6Q4L7,3
A6Q573,3
A9WVV8,3
A9WW33,3
A9WWF2,3
A9WWT8,3
A9WWW1,3
A9WY35,3
A9WYR6,3
A9WZ60,3
B0CGR1,3
B0CHX5,3
B0CJI7,3
B0CJJ7,3
B0CK02,3
B0CLL1,3
B8FPU4,3
B8FQB9,3
B8FQZ6,3
B8FRL9,3
B8FS81,3
B8FSV8,3
B8FTP6,3
B8FUL3,3
B8FYS8,3
B8FZA5,3
B9KYQ3,3
B9L0C1,3
C0REH2,3
C0REU2,3
C0RF64,3
C0RF85,3
C0RFX4,3
C0RFY3,3
C0RG38,3
C0RIL9,3
C0RJ81,3
C0RLB8,3
C0RLR7,3
C0RM93,3
C0RMG2,3
C3LLY1,3
C3LMQ4,3
C3LNM6,3
C3LP79,3
C3LPI9,3
C3LQ48,3
C3LQD1,3
C3LQR0,3
C3LRF4,3
C3LRH2,3
C3LRY3,3
C3LS21,3
C3LT19,3
C3LTE1,3
C3LTK8,3
C3LU14,3
C3LVM1,3
C3LW40,3
C3LW69,3
C3LWF8,3
C3LX01,3
C3MJ30,3
C3MJA1,3
C3MJC8,3
C3MJN7,3
C3MP49,3
C3MPC7,3
C3MPH2,3
C3MPU9,3
C3MQ42,3
C3MQ90,3
C3MQI3,3
C3MR15,3
C3NF60,3
C3NGF2,3
C3NGY3,3
C3NH77,3
C3NHC7,3
C3NHM4,3
C3NHZ9,3
C3NJ57,3
C3NJ84,3
C3NJZ2,3
C3NL04,3
C3NMG3,3
C3NMR0,3
D0LI56,3
D0LI57,3
O50523,3
O69809,3
O86509,3
O86835,3
P06618,3
P0CB02,3
P13158,3
P28275,3
P28277,3
P42510,3
P45493,3
P48206,3
P50935,3
P53433,3
P53765,3
P54413,3
P57755,3
P68339,3
P68340,3
P89438,3
P89469,3
Q01019,3
Q01020,3
Q01034,3
Q04HV8,3
Q04I78,3
Q04ID0,3
Q04J36,3
Q04JL5,3
Q04JP7,3
Q04K41,3
Q04KB0,3
Q04KB1,3
Q04KE2,3
Q04KW1,3
Q04L01,3
Q04L55,3
Q04LF4,3
Q04MP8,3
Q04N59,3
Q0P899,3
Q21DF8,3
Q21EI6,3
Q21FH2,3
Q21FJ6,3
Q21FL6,3
Q21FP9,3
Q21FZ9,3
Q21G19,3
Q21GQ5,3
Q21IS0,3
Q21K93,3
Q21KA9,3
Q21MT2,3
Q21NW8,3
Q21P95,3
Q21P96,3
Q21PV5,3
Q2JHM1,3
Q2JHS3,3
Q2JIP1,3
Q2JJ72,3
Q2JKD4,3
Q2JKS4,3
Q2JNF7,3
Q2JNH2,3
Q2JNH4,3
Q2JPJ7,3
Q2JQ26,3
Q2JQ51,3
Q31E63,3
Q31EC7,3
Q31EF8,3
Q31EK3,3
Q31F55,3
Q31F68,3
Q31G71,3
Q31GF1,3
Q31GX8,3
Q31HS1,3
Q31HZ4,3
Q31IF2,3
Q31IN3,3
Q31J84,3
Q3IW83,3
Q3IYH0,3
Q3IZ66,3
Q3IZC1,3
Q3IZN0,3
Q3J0B2,3
Q3J0F7,3
Q3J151,3
Q3J1G6,3
Q3J2Z5,3
Q3J3D0,3
Q3J3N4,3
Q3J3U4,3
Q3J5D3,3
Q3J5E0,3
Q48BF0,3
Q48CC6,3
Q48DE7,3
Q48DF0,3
Q48DN6,3
Q48ET5,3
Q48F87,3
Q48FR0,3
Q48G20,3
Q48HN1,3
Q48HR7,3
Q48KS4,3
Q48KZ0,3
Q48L46,3
Q48L80,3
Q48LY3,3
Q48MQ5,3
Q48MQ6,3
Q48MQ7,3
Q48MW1,3
Q48ND8,3
Q48NT9,3
Q48P10,3
Q48P91,3
Q48PB5,3
Q48PJ8,3
Q48Q06,3
Q48Q55,3
Q66632,3
Q66647,3
Q66656,3
Q6KZ11,3
Q6KZ42,3
Q6L0A8,3
Q6L1T6,3
Q6L2I0,3
Q6L2J8,3
Q6L2M8,3
Q6L2Q7,3
Q7NAK8,3
Q7NAQ7,3
Q7NB09,3
Q7NB85,3
Q7NBY7,3
Q8EU90,3
Q8EUF1,3
Q8EUR7,3
Q8EVJ8,3
Q8EVM0,3
Q8EW68,3
Q8EWQ8,3
Q8RLD7,3
Q938B4,3
Q9E6M6,3
Q9E6N0,3
Q9E6Q2,3
Q9E6R1,3
Q9E6R2,3
Q9EWK0,3
Q9EWV6,3
Q9EX12,3
Q9F2V2,3
Q9F344,3
Q9F3E6,3
Q9FBM3,3
Q9FBM4,3
Q9FCD1,3
Q9FCD2,3
Q9FCD7,3
Q9K3T8,3
Q9K3Z0,3
Q9K4A0,3
Q9K4C3,3
Q9KXQ0,3
Q9KYS0,3
Q9L082,3
Q9L0L6,3
Q9L2L4,3
Q9PHN2,3
Q9PHT5,3
Q9PI04,3
Q9PIH4,3
Q9PII7,3
Q9PIK6,3
Q9PIT8,3
Q9PJ06,3
Q9PJ40,3
Q9PMC8,3
Q9PN86,3
Q9PNM6,3
Q9PNX5,3
Q9PP77,3
Q9RD27,3
Q9RFF5,3
Q9RJ79,3
Q9RJN1,3
Q9RKN3,3
Q9RKU4,3
Q9RL45,3
Q9RL48,3
Q9S208,3
Q9S266,3
Q9S2L4,3
Q9XA76,3
Q9XAQ2,3
Q9Z4V8,3
Q9ZBI5,3
Q9ZBQ3,3
A4ILB9,3
Q2JI31,3
Q48DL2,3
Q6L032,3
A0QQJ4,1
A0QXD8,1
A0QXX7,1
A0QYC2,1
A0QYE8,1
A0R2B1,1
A0R4Q6,1
A0R4Y3,1
A0R607,1
A0R6D0,1
A4IU28,1
P32021,1
P42829,1
P71534,1
P89462,1
Q0P8H3,1
Q0P8I7,1
Q2JJF6,1
Q3L887,1
Q48GW3,1
Q53176,1
Q6L047,1
Q6L285,1
Q9F3C7,1
Q9FCA6,1
Q9K3J3,1
Q9K498,1
Q9KZF5,1
Q9RJH9,1
Q9ZBU1,1
Q9ZHC5,1
A0A0H2ZM56,1
A0QSB8,1
A0QTF8,1
A0QTG1,1
A0QTU8,1
A0QV09,1
A0QVQ8,1
A0QWW2,1
A0QYP1,1
A0R0W2,1
A0R1C2,1
A0R4R3,1
A0R4S9,1
A0R5N0,1
A0R609,1
A4IP64,1
A4ISB9,1
A4IT51,1
A8Y9F0,1
C3LSI3,1
D0LZ73,1
E1ACP7,1
F0KFI5,1
F0KFI7,1
I7FA35,1
O51917,1
P0CG99,1
P0CH00,1
P0CH36,1
P0CH37,1
P51008,1
P72324,1
P80735,1
Q04K99,1
Q04M32,1
Q06539,1
Q21DT6,1
Q21K21,1
Q2JP67,1
Q2JPR2,1
Q31GG8,1
Q3IXW9,1
Q3IZ91,1
Q48H75,1
Q48HZ1,1
Q48MT7,1
Q59291,1
Q7WTJ2,1
Q93RV9,1
Q9FBT8,1
Q9PHN5,1
Q9RFD6,1
Q9Z4Z5,1
Q9Z518,1
Q9Z565,1
A0QP90,1
A0QQZ3,1
A0QR17,1
A0QRI8,1
A0QSB9,1
A0QSY5,1
A0QTU9,1
A0QUX8,1
A0QVH7,1
A0QVL2,1
A0QVR3,1
A0QW25,1
A0QZY9,1
A0R115,1
A0R1T3,1
A0R1T4,1
A0R1V9,1
A0R420,1
A0R4H4,1
A0R4Z9,1
A0R502,1
A0R525,1
A0R610,1
A0R647,1
A0R652,1
A0R665,1
A0R692,1
A1WDX8,1
A1WGI4,1
A1WH84,1
A1WHG6,1
A1WI55,1
A1WJ68,1
A1WJ81,1
A1WJY8,1
A1WL02,1
A1WS75,1
A3PGE9,1
A3PH14,1
A3PHT1,1
A3PI00,1
A3PIG5,1
A3PJG0,1
A3PK36,1
A3PL16,1
A3PL17,1
A3PL19,1
A3PLS9,1
A3PM50,1
A3PN03,1
A3PNF3,1
A3PNT1,1
A3PQD8,1
A3PQK0,1
A4IKB7,1
A4IKL5,1
A4IL46,1
A4ILI2,1
A4ILL8,1
A4ILP0,1
A4ILW9,1
A4IM35,1
A4IMT6,1
A4INM5,1
A4IP94,1
A4IPB2,1
A4IPF5,1
A4IQ67,1
A4IQA1,1
A4IQS0,1
A4IQZ4,1
A4IR05,1
A4IRG7,1
A4IRH9,1
A4IT49,1
A4IT59,1
A4ITP5,1
A4WQ13,1
A4WQ93,1
A4WQD8,1
A4WQY7,1
A4WR94,1
A4WR96,1
A4WR97,1
A4WUH5,1
A4WUY6,1
A4WVQ4,1
A4WVZ4,1
A4WWP7,1
A4WXS6,1
A4WZ55,1
A6Q0W4,1
A6Q1U2,1
A6Q2R7,1
A6Q2V6,1
A6Q2W6,1
A6Q3B2,1
A6Q3S5,1
A6Q461,1
A6Q596,1
A6Q604,1
A8Y9D8,1
A8Y9F5,1
A9WWQ2,1
A9WZ75,1
B0CGJ9,1
B0CGY1,1
B0CHG8,1
B0CHL8,1
B0CIE1,1
B0CJG9,1
B0CJU0,1
B0CKA2,1
B0CKN3,1
B0CKN4,1
B0CLB4,1
B8FQZ3,1
B8FR31,1
B8FU98,1
B8FWP2,1
B8G2M3,1
B9KY70,1
B9KYS1,1
B9KZ23,1
B9KZP8,1
B9L006,1
B9L0Q1,1
B9L0W9,1
C0RE20,1
C0RE68,1
C0REI6,1
C0RF32,1
C0RFD3,1
C0RFV7,1
C0RH28,1
C0RHC3,1
C0RHQ3,1
C0RIC2,1
C0RJ23,1
C0RJF0,1
C0RLT3,1
C3LMH4,1
C3LMN9,1
C3LP59,1
C3LPC8,1
C3LPC9,1
C3LPI5,1
C3LQ01,1
C3LQ26,1
C3LQT6,1
C3LRB7,1
C3LRB8,1
C3LRW2,1
C3LUL9,1
C3LVU3,1
C3LWF0,1
C3LWP7,1
C3LWZ1,1
C3MJ24,1
C3MQ22,1
C3MQK4,1
C3MQN0,1
C3MRB8,1
C3NF67,1
C3NG01,1
C3NGT6,1
C3NGW2,1
C3NHE5,1
C6CXN6,1
E1ACP9,1
E1ACQ2,1
E1ACQ3,1
E1ACQ4,1
E1ACQ9,1
E1ACR0,1
E6ESW1,1
O22380,1
O52354,1
O54143,1
O69830,1
O69981,1
O86504,1
O86836,1
P06617,1
P09503,1
P09853,1
P0C632,1
P16245,1
P16544,1
P22573,1
P27421,1
P33770,1
P52215,1
P54895,1
P69520,1
P69521,1
P95651,1
Q01037,1
Q01038,1
Q01671,1
Q02431,1
Q02432,1
Q04I82,1
Q04JB8,1
Q04JJ1,1
Q04JV9,1
Q04JX1,1
Q04L84,1
Q0P891,1
Q0PA35,1
Q21E80,1
Q21FC9,1
Q21FM2,1
Q21H39,1
Q21HE4,1
Q21HH8,1
Q21HK6,1
Q21HN0,1
Q21IG1,1
Q21IX1,1
Q21IY5,1
Q21JE9,1
Q21JW9,1
Q21KP6,1
Q21KT3,1
Q21LJ5,1
Q21LK8,1
Q21MI4,1
Q21MQ9,1
Q21MS9,1
Q21PN1,1
Q21PT9,1
Q21PU0,1
Q2JJF3,1
Q2JJG8,1
Q2JJM9,1
Q2JJQ1,1
Q2JKN5,1
Q2JKQ8,1
Q2JKT8,1
Q2JL30,1
Q2JM39,1
Q2JMP3,1
Q2JMP5,1
Q2JMQ3,1
Q2JNW5,1
Q2JP78,1
Q2JPE4,1
Q2JPZ9,1
Q2JQ25,1
Q2JQ89,1
Q2JQ90,1
Q31DJ4,1
Q31DX4,1
Q31E41,1
Q31E81,1
Q31FY5,1
Q31GW8,1
Q31GY9,1
Q31HI0,1
Q31HQ4,1
Q31HZ1,1
Q31IE5,1
Q31IH6,1
Q31IN7,1
Q31IR4,1
Q31JC4,1
Q31JE7,1
Q3IVU8,1
Q3IYG9,1
Q3IYU4,1
Q3IZ94,1
Q3IZJ3,1
Q3J049,1
Q3J079,1
Q3J0H1,1
Q3J1A0,1
Q3J277,1
Q3J2X1,1
Q3J3Y3,1
Q3J4E9,1
Q3J4L9,1
Q3J5C0,1
Q3J5X0,1
Q3J6D1,1
Q3J6K9,1
Q46106,1
Q48CM6,1
Q48CM7,1
Q48CT3,1
Q48E42,1
Q48E64,1
Q48EC9,1
Q48F65,1
Q48GS7,1
Q48HJ1,1
Q48JI0,1
Q48JY0,1
Q48K59,1
Q48K97,1
Q48KI2,1
Q48KM7,1
Q48KQ3,1
Q48KZ8,1
Q48L51,1
Q48LC8,1
Q48LF6,1
Q48LQ7,1
Q48LZ4,1
Q48MQ8,1
Q48MV5,1
Q48N66,1
Q48NK3,1
Q48NN7,1
Q48NP2,1
Q48QH6,1
Q50441,1
Q52419,1
Q53229,1
Q53239,1
Q59296,1
Q66662,1
Q66663,1
Q6KYZ5,1
Q6KZD1,1
Q6L046,1
Q6L0J9,1
Q6L0M1,1
Q6L0R7,1
Q6L125,1
Q6L140,1
Q6L1C8,1
Q6L240,1
Q77MS0,1
Q77MS1,1
Q7AKI6,1
Q7BS32,1
Q7NAE4,1
Q7NAW1,1
Q7NBH3,1
Q7NC17,1
Q7WTJ6,1
Q8EUG3,1
Q8EUI6,1
Q8EUY2,1
Q8EV80,1
Q8EWH5,1
Q8EWL4,1
Q8EWQ6,1
Q8EWR9,1
Q93RX5,1
Q9ADG3,1
Q9AK84,1
Q9EWF7,1
Q9FAW5,1
Q9FBM1,1
Q9K3J6,1
Q9K3V7,1
Q9KXR7,1
Q9KYR9,1
Q9KYS1,1
Q9KZK8,1
Q9L0L7,1
Q9L233,1
Q9PHR3,1
Q9PHX2,1
Q9PIC3,1
Q9PIS0,1
Q9PIT2,1
Q9PLV4,1
Q9PLW0,1
Q9PM01,1
Q9PM77,1
Q9PMV3,1
Q9PN30,1
Q9PN58,1
Q9PN99,1
Q9PPD9,1
Q9PPE0,1
Q9PPM1,1
Q9RFD3,1
Q9RFD4,1
Q9RKB5,1
Q9RKF1,1
Q9S1U6,1
Q9S2B5,1
Q9S2F4,1
Q9S2N0,1
Q9WX15,1
Q9X7W2,1
Q9X8N8,1
Q9XAP2,1
Q9XC20,1
Q9Z377,1
Q9Z598,1
Q9Z5D9,1
Q9ZBS0,1
S7Z6X4,1
S7ZC70,1
S7ZC75,1
S7ZFL7,1
S7ZK59,1
S7ZK63,1
S8ASK3,1
S8AWN7,1
S8AWP5,1
S8B3I0,1
A0QPD3,1
A0QSU4,1
A0QV10,1
A0QZU1,1
A0R0B0,1
A0R191,1
A0R4Q0,1
A0R4S7,1
A0R518,1
A0R635,1
A1WIJ3,1
A1WLL3,1
A1WMG0,1
A1WQW2,1
A1WR02,1
A3PI15,1
A3PMI4,1
A3PN14,1
A3PQJ2,1
A3PRF6,1
A3PRX7,1
A4IJP9,1
A4IMR6,1
A4INR2,1
A4IPF0,1
A4IPN4,1
A4IQK7,1
A4IQV4,1
A4IRP9,1
A4ISE6,1
A4IT43,1
A4WNM7,1
A4WPI0,1
A4WUX2,1
A6Q367,1
A6Q388,1
A6Q3B4,1
A6Q418,1
A9WVT6,1
A9WW77,1
A9WWW7,1
A9WXF1,1
A9WZ04,1
A9WZ23,1
B0CIS7,1
B0CIT1,1
B0CLB5,1
B8FT31,1
B8FUB6,1
B8G186,1
B9KZ42,1
B9KZS7,1
B9L2J1,1
C0RF92,1
C0RFG8,1
C0RFH2,1
C0RIC3,1
C0RK37,1
C0RLN1,1
C0RM68,1
C0RMK6,1
C3LNU9,1
C3LPZ2,1
C3LRL2,1
C3LRS7,1
C3LT39,1
C3LUU7,1
C3LW14,1
C3LWV8,1
C3MPT5,1
C3MPT6,1
C3NHN7,1
C3NHN8,1
D0LI58,1
E1ACP6,1
E1ACQ8,1
E1ACR2,1
O07299,1
P42534,1
P53000,1
P54980,1
P56954,1
Q02058,1
Q02430,1
Q04JI5,1
Q04K71,1
Q04KZ2,1
Q04M75,1
Q04MY5,1
Q0PBW9,1
Q21GW0,1
Q21HU3,1
Q21JK7,1
Q21K60,1
Q21L55,1
Q21LK2,1
Q2JHA7,1
Q2JN71,1
Q3IX44,1
Q3IXK6,1
Q3IXX7,1
Q3IZ83,1
Q3IZR5,1
Q3J4D4,1
Q3J4H6,1
Q48CJ2,1
Q48CT5,1
Q48DL4,1
Q48FL6,1
Q48FR2,1
Q48G19,1
Q48GY3,1
Q48H03,1
Q48KI8,1
Q48ME3,1
Q48MQ4,1
Q48PZ1,1
Q6L0C3,1
Q6L1Y6,1
Q6L2S4,1
Q7NBE9,1
Q8EVK2,1
Q8EWR4,1
Q9PHN0,1
Q9PHY2,1
Q9RDK1,1
Q9RJZ6,1
Q9RL17,1
Q9X7U5,1
S7ZFL4,1
S8B3I4,1
Q9FBN0,1
Q9FBV0,1
A0QNE0,5
A0R5D9,5
A0R6E0,5
P16250,5
Q48GW3,5
A0QPN2,5
A0QQU5,5
A0QSK5,5
A0QXE5,5
A0R3N5,5
A0R756,5
A0R757,5
A3PL07,5
A4IKW6,5
A4WRA6,5
B8FXD7,5
B8FXD8,5
C3LSI3,5
P21558,5
P33158,5
P48354,5
Q01490,5
Q3IZ90,5
Q3IZP4,5
Q9JN65,5
Q9PLZ2,5
Q9PMN3,5
Q9X909,5
Q9Z520,5
A0QPN1,5
A0QR33,5
A0QSQ1,5
A0QSR6,5
A0QSS4,5
A0QU81,5
A0QVY0,5
A0R199,5
A0R1X0,5
A0R3N9,5
A0R4D2,5
A0R5C5,5
A0R6J8,5
A0R7G6,5
A1WDX2,5
A1WEE4,5
A1WJR4,5
A1WL05,5
A1WMA0,5
A1WQY3,5
A1WR16,5
A1WSF3,5
A3PID0,5
A3PIR7,5
A3PJI8,5
A3PKL8,5
A3PLW1,5
A3PMX9,5
A4IJL9,5
A4IJN4,5
A4IJV3,5
A4IKL1,5
A4IKW7,5
A4ILL1,5
A4ILL5,5
A4IRG2,5
A4IRH3,5
A4ISB8,5
A4ISE8,5
A4ISP5,5
A4ISP6,5
A4IT64,5
A4WPU4,5
A4WQ91,5
A4WRF5,5
A4WS82,5
A4WTF5,5
A4WUL5,5
A4WWV3,5
A6Q160,5
A6Q164,5
A6Q1C0,5
A6Q1W0,5
A6Q2B4,5
A6Q2U7,5
A6Q2X6,5
A6Q4Z5,5
A6Q538,5
A9WVT5,5
A9WW43,5
A9WW62,5
A9WWG7,5
A9WXQ0,5
A9WYA0,5
B0CIT6,5
B0CJR3,5
B0CK19,5
B8FNT7,5
B8FPN5,5
B8FRM1,5
B8FSD4,5
B8G1G1,5
B8G2L6,5
B9KYD3,5
B9KYT9,5
B9L0Q2,5
B9L1E4,5
C0RFH7,5
C0RG54,5
C0RH03,5
C0RKD5,5
C0RMH2,5
C0RMJ1,5
C3LMG6,5
C3LNM7,5
C3LQC0,5
C3LQK1,5
C3LR68,5
C3LRA6,5
C3LSN1,5
C3LTP7,5
C3MJQ6,5
C3MPN7,5
C3NHT6,5
C3NMP1,5
O69289,5
O69969,5
O86776,5
O86786,5
O87667,5
O88015,5
P21557,5
P35885,5
P35886,5
P40171,5
P47719,5
P47720,5
Q03470,5
Q04I16,5
Q04IA2,5
Q04IQ3,5
Q04J74,5
Q04JB4,5
Q04JF7,5
Q04JH4,5
Q04JI8,5
Q04KF8,5
Q04L81,5
Q04L82,5
Q04M73,5
Q04M86,5
Q21F87,5
Q21H51,5
Q21KB0,5
Q21M11,5
Q21M18,5
Q21MD3,5
Q21MJ0,5
Q21MS8,5
Q21NH1,5
Q21P78,5
Q2JHU0,5
Q2JIE9,5
Q2JJQ9,5
Q2JKV7,5
Q2JL43,5
Q2JLR0,5
Q2JMP7,5
Q2JQ33,5
Q31E77,5
Q31E87,5
Q31EW3,5
Q31F26,5
Q31FB1,5
Q31FG4,5
Q31GF2,5
Q31HG2,5
Q31HG3,5
Q31HH6,5
Q31I19,5
Q31IT1,5
Q3IW60,5
Q3IWG2,5
Q3IZB6,5
Q3IZB8,5
Q3J0D9,5
Q3J101,5
Q3J1L8,5
Q3J2U4,5
Q3J3L4,5
Q3J419,5
Q3J4D7,5
Q3J5C2,5
Q46108,5
Q48C02,5
Q48C87,5
Q48CC1,5
Q48DP1,5
Q48E72,5
Q48E73,5
Q48EI5,5
Q48FM6,5
Q48JS8,5
Q48K61,5
Q48KZ1,5
Q48N88,5
Q48NT5,5
Q48PY9,5
Q53876,5
Q59526,5
Q6L1A0,5
Q6L1K2,5
Q6L1R2,5
Q6L1S1,5
Q7MBB2,5
Q7NAQ4,5
Q7NAQ5,5
Q7NAQ9,5
Q7NBA6,5
Q8CXQ1,5
Q8CXQ7,5
Q8EV76,5
Q8EVU1,5
Q8EW33,5
Q8EW34,5
Q9F2S0,5
Q9F314,5
Q9KX58,5
Q9KXU5,5
Q9L0Z5,5
Q9L214,5
Q9PI71,5
Q9PIE2,5
Q9PM24,5
Q9PMD4,5
Q9PMD8,5
Q9PMK3,5
Q9PMQ6,5
Q9PNE6,5
Q9PP26,5
Q9PP70,5
Q9PP96,5
Q9RDH8,5
Q9RKF7,5
Q9X7Q6,5
Q9Z523,5
Q9Z528,5
Q9Z5B6,5
Q9Z5D3,5
S7ZEJ0,5
A0QT53,5
A1WLI1,5
A1WR23,5
A3PH12,5
A3PI63,5
A3PK37,5
A3PL91,5
A3PLM1,5
A3PNF6,5
A3PNM4,5
A3PPJ8,5
A3PPV2,5
A4IKU2,5
A4IME0,5
A4IP67,5
A4IP75,5
A4IPA1,5
A4IPB4,5
A4IQ83,5
A4ISR3,5
A4WQX2,5
A4WQY6,5
A4WUS7,5
A4WV81,5
A4WVT8,5
A4WWP4,5
A6Q1S6,5
A6Q4V9,5
A6Q504,5
A6Q522,5
A9WWR5,5
A9WZA1,5
B0CGZ3,5
B0CJI5,5
B0CJK9,5
B0CK13,5
B0CKM9,5
B8FP23,5
B8FVH4,5
B9KXJ4,5
C0RFX2,5
C0RFZ5,5
C0RHQ0,5
C0RJG2,5
C3LNA0,5
C3LPZ8,5
C3LR22,5
C3LS20,5
C3LSP4,5
C3LSQ0,5
C3MJ22,5
C3MQZ8,5
C3NF69,5
C3NGG9,5
P50936,5
P59879,5
Q04IS7,5
Q04IY8,5
Q04KA7,5
Q04KC1,5
Q04KC2,5
Q04KU8,5
Q0PAS1,5
Q21H63,5
Q21MP3,5
Q21NH6,5
Q2JK82,5
Q2JPT2,5
Q31E65,5
Q31FB3,5
Q31GK3,5
Q31J61,5
Q3IYM4,5
Q3IYU1,5
Q3J0N0,5
Q3J276,5
Q48C80,5
Q48E79,5
Q48F86,5
Q48J73,5
Q48L25,5
Q5XQP9,5
Q6KZJ6,5
Q6L0Y7,5
Q6L227,5
Q6L2G9,5
Q8CXQ2,5
Q8EWM9,5
Q9L0B8,5
Q9PIF3,5
Q9PIM5,5
Q9PM74,5
Q9PNJ2,5
Q9X4E3,5
Q9Z596,5
Q0P9C4,7
A0R3A7,7
A0R3Y2,7
A0R6H8,7
Q8RK01,7
Q9K451,7
Q9X813,7
Q9X913,7
A0A0H2ZLL3,7
A0QQ70,7
A0QU26,7
A0QU28,7
A0QU29,7
A0QU35,7
A0QYG9,7
A0R200,7
A0R202,7
A0R4C0,7
A0R6H7,7
A1WF56,7
A1WF58,7
A1WLN6,7
A1WLP3,7
A1WLP4,7
A1WPS8,7
A3PIB7,7
A3PIB9,7
A3PIW9,7
A3PIX9,7
A3PIY2,7
A3PKI1,7
A3PKI2,7
A3PKI7,7
A3PNL7,7
A3PRP4,7
A3PRP7,7
A3PRY1,7
A3PS59,7
A3PS65,7
A4IST9,7
A4ISX2,7
A4ITI0,7
A4ITI6,7
A4ITI7,7
A4ITI9,7
A4ITJ1,7
A4WT69,7
A4WT70,7
A4WT80,7
A4WU21,7
A4WU33,7
A4WUM7,7
A4WUM9,7
A4WW84,7
A6Q1P4,7
A6Q1Q4,7
A6Q383,7
A6Q4C0,7
A6Q4C2,7
A8Y9D4,7
A8Y9D9,7
A8Y9E0,7
A8Y9E3,7
A8Y9G7,7
A8Y9H3,7
A8Y9H4,7
A8Y9H5,7
A8Y9H7,7
A9WWS2,7
A9WWS4,7
B0CIU9,7
B0CLD0,7
B0CLD7,7
B0CLD9,7
B8FRJ7,7
B8FRK0,7
B8FRK6,7
B8FZ34,7
B8FZ36,7
B8Y2U9,7
B9L170,7
B9L175,7
B9L178,7
B9L1H1,7
C0RF52,7
C0RFJ0,7
C0RIE0,7
C0RIE7,7
C0RIE9,7
C3LLU1,7
C3LQ63,7
C3LQT9,7
C3LSI9,7
C3LTR4,7
C6D5D2,7
O33570,7
O86751,7
P0A300,7
P0A4G6,7
P0CC86,7
P0CC87,7
P33252,7
P33253,7
P71533,7
Q04HT7,7
Q04HT9,7
Q04J70,7
Q04JW0,7
Q0P850,7
Q0P857,7
Q0P9V7,7
Q0PAB6,7
Q0PAR0,7
Q0PC30,7
Q21DK6,7
Q21DK8,7
Q21E72,7
Q21GS5,7
Q21JK3,7
Q21JR8,7
Q21MG1,7
Q21NS8,7
Q21PQ7,7
Q2JHE4,7
Q2JHK3,7
Q2JHK4,7
Q2JIG0,7
Q2JIV9,7
Q2JJ09,7
Q2JJ68,7
Q2JJA8,7
Q2JJA9,7
Q2JJB0,7
Q2JK43,7
Q2JKC2,7
Q2JL39,7
Q2JLH4,7
Q2JLH7,7
Q2JMJ0,7
Q2JN25,7
Q2JPJ1,7
Q2JPW6,7
Q31DL8,7
Q31DM0,7
Q31FG2,7
Q31HE7,7
Q31HF2,7
Q31HF9,7
Q31I38,7
Q31I88,7
Q32880,7
Q3HKH4,7
Q3HKH9,7
Q3IWB5,7
Q3IX40,7
Q3IXC2,7
Q3IXC5,7
Q3IY12,7
Q3IYN1,7
Q3J1N0,7
Q3J1Q2,7
Q3J1Q7,7
Q3J1Q8,7
Q3J376,7
Q3J3E7,7
Q3J3F0,7
Q3J3G0,7
Q3J3V9,7
Q3J431,7
Q3J433,7
Q48BG3,7
Q48BG5,7
Q48BP8,7
Q48EG6,7
Q48GL0,7
Q48GY7,7
Q48H45,7
Q48H47,7
Q48H52,7
Q48H53,7
Q48H54,7
Q48HD9,7
Q48HL2,7
Q48J29,7
Q48J74,7
Q48NM1,7
Q48P40,7
Q48PN3,7
Q48PU6,7
Q48PV0,7
Q7NB11,7
Q7NC40,7
Q7NC50,7
Q8CK44,7
Q8EUJ1,7
Q8EUR3,7
Q8EVL6,7
Q8EWY8,7
Q8EWZ0,7
Q9F2V6,7
Q9F2V8,7
Q9F2W1,7
Q9K4D5,7
Q9KZW2,7
Q9L0Q1,7
Q9L1C3,7
Q9PHQ1,7
Q9PJ21,7
Q9RDI1,7
Q9X806,7
Q9X814,7
Q9X8Z9,7
Q9XAQ5,7
Q9XAQ9,7
Q9XAR0,7
Q9XAR1,7
Q9XAR2,7
Q9XAR4,7
Q9XAR5,7
A0QU33,7
A0QU34,7
A1WLN7,7
A1WLP1,7
A1WLP2,7
A3PIX0,7
A3PIX1,7
A3PIX8,7
A3PKI6,7
A3PRP3,7
A4ITI3,7
A4ITI4,7
A4WU31,7
A4WU32,7
A6Q1P6,7
A6Q1Q1,7
A8Y9D7,7
B0CLD1,7
B0CLD2,7
B0CLD6,7
B9L173,7
C0RIE1,7
C0RIE6,7
C3LQ64,7
C3LTR0,7
C3LTR1,7
C3LTR2,7
C3MQL5,7
C3NGV1,7
O54187,7
Q04HV7,7
Q0P887,7
Q21JQ9,7
Q21JS2,7
Q2JIJ7,7
Q2JNM8,7
Q31DV4,7
Q31GF5,7
Q31HF3,7
Q31HF7,7
Q31HF8,7
Q31I51,7
Q31J97,7
Q3IXC6,7
Q3IZT1,7
Q3J1Q3,7
Q3J3F1,7
Q3J3F8,7
Q3J3F9,7
Q48C94,7
Q48CA0,7
Q48FT0,7
Q48H48,7
Q48IB9,7
Q48IS7,7
Q48KB2,7
Q48KI4,7
Q7NAQ6,7
Q9KXJ6,7
Q9PM99,7
Q9PMA3,7
Q9PMA7,7
Q9RKC6,7
Q9RKQ4,7
Q9X809,7
Q9X812,7
Q9X853,7
Q9XAQ6,7
Q9XAQ7,7
A0MD28,4
A0QWT2,4
A0QX20,4
A0R2B1,4
P0C6X8,4
P0DTD1,4
P15474,4
Q21FJ0,4
Q3IWB0,4
Q3J5L6,4
Q48GW3,4
Q6KZI8,4
Q6L1T2,4
Q8B912,4
Q9K498,4
Q9WJB2,4
Q9X839,4
Q9YN02,4
A0A0H2ZLQ1,4
A0QSB8,4
A0QV21,4
A0QWH0,4
A0R3B8,4
A0R664,4
A8Y9H8,4
C3LSI3,4
E6ER18,4
P32920,4
Q21K21,4
Q2JIP3,4
Q31GG8,4
Q31HD6,4
Q31HD9,4
Q31IK0,4
Q48H75,4
Q9K499,4
Q9KZZ7,4
Q9PM68,4
Q9ZBQ6,4
A0QNF3,4
A0QNX1,4
A0QP32,4
A0QQS6,4
A0QRD3,4
A0QRG0,4
A0QRN3,4
A0QSK6,4
A0QW23,4
A0QWG8,4
A0QWQ9,4
A0QX87,4
A0QX93,4
A0R220,4
A0R443,4
A0R480,4
A0R4Q3,4
A0R4S6,4
A0R566,4
A1WDU6,4
A1WFL2,4
A1WHV3,4
A1WIF0,4
A1WL18,4
A1WL86,4
A1WMU5,4
A1WPC7,4
A1WR07,4
A1WR24,4
A3PFL2,4
A3PFR1,4
A3PGR7,4
A3PI62,4
A3PIV3,4
A3PJQ4,4
A3PJS2,4
A3PM71,4
A3PMB0,4
A3PMQ9,4
A3PNX7,4
A3PP56,4
A3PRB5,4
A3PRW6,4
A4IJ94,4
A4IJ95,4
A4IJG5,4
A4IK74,4
A4IKU7,4
A4ILL7,4
A4IM36,4
A4IMR9,4
A4IPI2,4
A4IPP2,4
A4IQ59,4
A4IQ88,4
A4IQ89,4
A4IR26,4
A4IRH6,4
A4IRZ2,4
A4IS03,4
A4ISP4,4
A4ISR2,4
A4ISR4,4
A4IT42,4
A4WNS1,4
A4WNV5,4
A4WPZ2,4
A4WR18,4
A4WSL4,4
A4WSQ8,4
A4WUS8,4
A4WVB2,4
A4WVF5,4
A4WVP0,4
A4WVR6,4
A4WW35,4
A4WWC0,4
A4WZV1,4
A6Q102,4
A6Q117,4
A6Q182,4
A6Q1H1,4
A6Q235,4
A6Q291,4
A6Q2C1,4
A6Q2E5,4
A6Q2K0,4
A6Q2K1,4
A6Q2V4,4
A6Q2Y9,4
A6Q3Y3,4
A6Q574,4
A6Q5D0,4
A6Q5K4,4
A6Q5L6,4
A9WVU5,4
A9WXE2,4
B0CGT2,4
B0CIF7,4
B0CIL1,4
B0CJD0,4
B0CJG6,4
B0CJI6,4
B0CJX7,4
B0CK19,4
B0CKB2,4
B0CKC7,4
B0CLN2,4
B0CLT0,4
B8FP22,4
B8FP24,4
B8FQ77,4
B8FQ92,4
B8FQ96,4
B8FU83,4
B8FU95,4
B8FUD2,4
B8FUK9,4
B8FZE1,4
B8FZR3,4
B8FZR4,4
B8G177,4
B8G1T9,4
B9KXJ6,4
B9KXN0,4
B9KY71,4
B9KYV7,4
B9L0K8,4
B9L1Z5,4
C0RFF1,4
C0RFR9,4
C0RFV3,4
C0RFX3,4
C0RG13,4
C0RG54,4
C0RG65,4
C0RGF9,4
C0RHD5,4
C0RHF0,4
C0RIP1,4
C0RIT4,4
C0RJA3,4
C0RK28,4
C0RM77,4
C3LLI5,4
C3LLP9,4
C3LMG6,4
C3LNL5,4
C3LNS3,4
C3LP65,4
C3LPA1,4
C3LPG2,4
C3LPQ3,4
C3LQC2,4
C3LQI3,4
C3LQQ3,4
C3LQZ0,4
C3LR34,4
C3LR71,4
C3LS19,4
C3LSG5,4
C3LTS1,4
C3LWX2,4
C3MKM4,4
C3MMC3,4
C3MPU0,4
C3MQJ5,4
C3MQK7,4
C3MQK8,4
C3MQN7,4
C3MR05,4
C3MR64,4
C3NGB5,4
C3NGG2,4
C3NGS9,4
C3NGV8,4
C3NGV9,4
C3NGX1,4
C3NHN3,4
C3NLR8,4
O33565,4
O69198,4
O69294,4
O69861,4
O86534,4
O86820,4
O86841,4
P16249,4
P21689,4
P40135,4
P42448,4
P50937,4
P54919,4
P58286,4
P72242,4
P95646,4
Q01670,4
Q04I44,4
Q04JN5,4
Q04JN6,4
Q04JX0,4
Q04JX2,4
Q04JX3,4
Q04KG2,4
Q04KR9,4
Q04L69,4
Q04LJ3,4
Q04M51,4
Q0P8H8,4
Q0P8U2,4
Q0P8U3,4
Q0P8W4,4
Q0P9D4,4
Q0PAS0,4
Q0PBX7,4
Q21EE3,4
Q21EG7,4
Q21H84,4
Q21H88,4
Q21H90,4
Q21HE7,4
Q21HG1,4
Q21HI3,4
Q21I62,4
Q21IS8,4
Q21IX8,4
Q21IY3,4
Q21KP0,4
Q21LB9,4
Q21LC2,4
Q21LV5,4
Q21M18,4
Q21MK4,4
Q21NH5,4
Q21NU6,4
Q21NV7,4
Q2JHZ4,4
Q2JI46,4
Q2JIT3,4
Q2JK60,4
Q2JKH3,4
Q2JLD4,4
Q2JMP1,4
Q2JN09,4
Q2JNA9,4
Q2JPF1,4
Q2JPG2,4
Q2JPK6,4
Q2JQ67,4
Q31DP9,4
Q31E64,4
Q31E66,4
Q31E87,4
Q31EB2,4
Q31EG9,4
Q31FE3,4
Q31FF9,4
Q31G68,4
Q31GC7,4
Q31H64,4
Q31HI2,4
Q31I28,4
Q31II2,4
Q31IK3,4
Q31JB9,4
Q31JC9,4
Q31JF4,4
Q3IWV4,4
Q3IX55,4
Q3IXP4,4
Q3IY00,4
Q3IY15,4
Q3IY64,4
Q3IYC2,4
Q3IZ78,4
Q3IZI8,4
Q3IZY9,4
Q3J2J0,4
Q3J2K8,4
Q3J2W6,4
Q3J3H9,4
Q3J5V6,4
Q48BY7,4
Q48C78,4
Q48C81,4
Q48CE0,4
Q48CK1,4
Q48DI3,4
Q48F70,4
Q48F79,4
Q48F85,4
Q48HV8,4
Q48JZ3,4
Q48K61,4
Q48K99,4
Q48KM8,4
Q48KN0,4
Q48KP5,4
Q48LD5,4
Q48LX4,4
Q48LY6,4
Q48MT5,4
Q48NP3,4
Q48P32,4
Q48PA6,4
Q48PG2,4
Q48PH0,4
Q48PS5,4
Q59829,4
Q6KZ30,4
Q6KZ54,4
Q6KZD3,4
Q6KZI1,4
Q6KZN3,4
Q6L0K5,4
Q6L1G8,4
Q6L1R3,4
Q6L1T9,4
Q6L2D8,4
Q7NAQ0,4
Q7NAY0,4
Q7NC56,4
Q8EUY3,4
Q8EW32,4
Q8EWT4,4
Q938C9,4
Q93JL5,4
Q99PZ1,4
Q9EWW1,4
Q9F1Y6,4
Q9F2Q3,4
Q9F3P9,4
Q9FBN6,4
Q9KXN1,4
Q9KXQ4,4
Q9KXQ6,4
Q9KXT4,4
Q9KZ75,4
Q9KZX7,4
Q9L0Q7,4
Q9L0T8,4
Q9L286,4
Q9L287,4
Q9PHU4,4
Q9PI08,4
Q9PI55,4
Q9PIC1,4
Q9PII5,4
Q9PIK3,4
Q9PIM2,4
Q9PIP3,4
Q9PIW6,4
Q9PJ53,4
Q9PJ98,4
Q9PLW1,4
Q9PM41,4
Q9PM72,4
Q9PM75,4
Q9PM76,4
Q9PN54,4
Q9PN97,4
Q9PNT2,4
Q9PP01,4
Q9PP76,4
Q9PPB4,4
Q9RJ47,4
Q9RKA8,4
Q9S2T7,4
Q9X5M1,4
Q9X8I0,4
Q9X8R6,4
Q9X9U0,4
Q9X9W0,4
Q9Z4W7,4
Q9ZBH5,4
Q9ZBK6,4
Q9ZFA6,4
A0QWX4,4
A0QX29,4
A0QX83,4
A0QX95,4
A0QYS5,4
A0QZU2,4
A0R1Y1,4
A0R2K7,4
A0R5M7,4
A0R643,4
A1WGR0,4
A1WGU4,4
A1WH73,4
A1WLL2,4
A1WR21,4
A1WSF0,4
A1WSF1,4
A3PGG3,4
A3PHK6,4
A3PHK7,4
A3PI66,4
A3PJG5,4
A3PK23,4
A3PMB7,4
A3PMM5,4
A3PMQ7,4
A3PQ70,4
A4IJU6,4
A4IK90,4
A4IKU8,4
A4IP74,4
A4IPB5,4
A4IQ66,4
A4IQ81,4
A4IQ82,4
A4IQ84,4
A4IRS2,4
A4ISR5,4
A4ITF6,4
A4WNV6,4
A4WPE1,4
A4WUH0,4
A4WUS5,4
A4WVB9,4
A4WX66,4
A4WX67,4
A6Q2R2,4
A6Q330,4
A6Q3P0,4
A9WVP8,4
A9WVU3,4
A9WW58,4
A9WZA3,4
B0CGT9,4
B0CGU0,4
B0CGV0,4
B0CIJ4,4
B0CIY4,4
B0CJI2,4
B0CJK6,4
B0CJK8,4
B0CKJ0,4
B8FNT2,4
B8FWX3,4
B8G187,4
B8G2K7,4
B9L1A9,4
B9L1Y8,4
B9L2J0,4
C0RFM4,4
C0RFW9,4
C0RFZ2,4
C0RFZ4,4
C0RGE2,4
C0RHL3,4
C0RJB1,4
C0RJB2,4
C0RJC1,4
C0RLW2,4
C0RM30,4
C0RMI7,4
C3LLL5,4
C3LLL6,4
C3LQ21,4
C3LR35,4
C3LRV2,4
C3LS47,4
C3LTS3,4
C3LUI5,4
C3LVX6,4
C3LW87,4
C3LW91,4
C3LWD9,4
C3MJE5,4
C3MKR6,4
C3MPU9,4
C3MQI6,4
C3MQX7,4
C3MRB7,4
C3NG02,4
C3NGJ0,4
C3NGY0,4
C3NHM4,4
C3NJA0,4
C3NMW1,4
O05625,4
O08323,4
O33564,4
O50533,4
O68814,4
O68816,4
O86535,4
O86564,4
O86722,4
P16247,4
P72238,4
Q04IY7,4
Q04IY9,4
Q04IZ0,4
Q04KL8,4
Q04KS4,4
Q04MC2,4
Q04MW6,4
Q21EF4,4
Q21IY4,4
Q21L65,4
Q21L94,4
Q21LH6,4
Q21MC6,4
Q21NH8,4
Q2JI59,4
Q2JJY4,4
Q2JLD7,4
Q2JNK3,4
Q31DN1,4
Q31DQ6,4
Q31E67,4
Q31G53,4
Q31HH3,4
Q31HZ6,4
Q31JG7,4
Q3IW19,4
Q3IZF4,4
Q3IZJ0,4
Q3IZY2,4
Q3J289,4
Q3J6L0,4
Q46104,4
Q48BQ6,4
Q48C77,4
Q48E20,4
Q48F34,4
Q48G05,4
Q48GB5,4
Q48K98,4
Q48KS5,4
Q48MI2,4
Q48NP7,4
Q48QD3,4
Q48QG6,4
Q48QG7,4
Q53222,4
Q6KZS5,4
Q6L0F3,4
Q6L1P9,4
Q6L1T6,4
Q6L271,4
Q6L277,4
Q6L2J9,4
Q849P2,4
Q8CK51,4
Q938C8,4
Q93RW0,4
Q9KXR8,4
Q9L1B1,4
Q9PHM1,4
Q9PI11,4
Q9PIF1,4
Q9PIF2,4
Q9PLW2,4
Q9RDE8,4
Q9RDE9,4
Q9RNU9,4
Q9X4E5,4
Q9X4E8,4
Q9X9X7,4
Q9Z4X0,4
Q9ZBH3,4
Q9ZFA7,4
A1WS32,4
Q9RKX1,4
A1WS32,4
Q9RKX1,4
