genome_id,genus
469009.4,Candidatus Phytoplasma
1309411.5,Deinococcus
1123738.3,Candidatus Phytoplasma
551115.6,Trichormus
1706000.3,Sphingomonas
28901.2925,Salmonella
28901.2926,Salmonella
28901.2927,Salmonella
28901.2928,Salmonella
28901.2929,Salmonella
28901.2931,Salmonella
28901.2932,Salmonella
28901.2933,Salmonella
28901.2934,Salmonella
28901.2935,Salmonella
28901.2936,Salmonella
28901.2937,Salmonella
28901.2938,Salmonella
28901.2939,Salmonella
28901.2941,Salmonella
28901.2942,Salmonella
28901.2943,Salmonella
622.268,Shigella
622.269,Shigella
622.141,Shigella
622.213,Shigella
46507.4,Ezakiella
1232385.4,Corynebacterium
450367.5,Peribacillus
260554.3,Bacillus
260554.6,Bacillus
260554.7,Bacillus
1487.3,Clostridium
593907.5,Cellulomonas
1410651.3,Lacrimispora
358742.3,Enterocloster
358742.4,Enterocloster
1121296.3,Lachnoclostridium
253257.3,Lacrimispora
333367.4,Enterocloster
208479.16,Enterocloster
208479.15,Enterocloster
208479.14,Enterocloster
208479.17,Enterocloster
208479.8,Enterocloster
208479.13,Enterocloster
208479.12,Enterocloster
1286362.3,Lacrimispora
29354.3,Lacrimispora
1121303.3,Ruminiclostridium
1521.3,Ruminiclostridium
358743.5,Enterocloster
1531.18,Enterocloster
1531.13,Enterocloster
1531.4,Enterocloster
1291051.3,Mediterraneibacter
48256.3,Ruminiclostridium
1522.7,Erysipelatoclostridium
1522.18,Erysipelatoclostridium
1522.27,Erysipelatoclostridium
1522.17,Erysipelatoclostridium
1522.24,Erysipelatoclostridium
1522.25,Erysipelatoclostridium
1522.26,Erysipelatoclostridium
1522.9,Erysipelatoclostridium
1291050.6,Ruminiclostridium
1121323.3,Anaerotignum
160404.3,Anaerotignum
460384.7,Enterocloster
1121324.3,Peptoclostridium
1392497.3,Clostridioides
1408823.3,Clostridioides
1121333.3,Erysipelatoclostridium
1505.8,Paeniclostridium
1505.32,Paeniclostridium
1505.47,Paeniclostridium
1505.28,Paeniclostridium
1505.29,Paeniclostridium
1505.7,Paeniclostridium
1505.31,Paeniclostridium
1505.48,Paeniclostridium
1505.18,Paeniclostridium
1505.17,Paeniclostridium
1505.16,Paeniclostridium
1505.15,Paeniclostridium
1505.14,Paeniclostridium
1505.13,Paeniclostridium
1505.12,Paeniclostridium
1505.11,Paeniclostridium
1505.9,Paeniclostridium
1505.38,Paeniclostridium
1505.37,Paeniclostridium
1505.35,Paeniclostridium
1505.41,Paeniclostridium
1505.33,Paeniclostridium
1505.39,Paeniclostridium
1505.36,Paeniclostridium
1505.34,Paeniclostridium
1505.42,Paeniclostridium
1505.43,Paeniclostridium
1505.44,Paeniclostridium
1505.45,Paeniclostridium
1505.46,Paeniclostridium
1505.21,Paeniclostridium
1505.22,Paeniclostridium
1505.23,Paeniclostridium
1505.24,Paeniclostridium
1505.19,Paeniclostridium
1505.25,Paeniclostridium
1505.26,Paeniclostridium
1505.27,Paeniclostridium
1297793.5,Lacrimispora
1297793.6,Lacrimispora
29370.3,Lacrimispora
29348.5,Erysipelatoclostridium
29348.4,Erysipelatoclostridium
29348.3,Erysipelatoclostridium
29348.8,Erysipelatoclostridium
1346611.4,Thermoclostridium
1121335.11,Thermoclostridium
1121336.3,Thermoclostridium
1291049.3,Thermoclostridium
1121337.3,Ruminiclostridium
1512.12,Lachnoclostridium
1512.13,Lachnoclostridium
1512.11,Lachnoclostridium
1512.4,Lachnoclostridium
1512.3,Lachnoclostridium
1288971.6,Schnuerera
58134.4,Lacrimispora
548.197,Klebsiella
548.179,Klebsiella
548.177,Klebsiella
548.176,Klebsiella
548.178,Klebsiella
548.175,Klebsiella
548.198,Klebsiella
548.191,Klebsiella
548.192,Klebsiella
39480.3,Andreesenia
39481.3,Clostridium
39482.4,Faecalicatena
39482.3,Faecalicatena
515620.21,Lachnospira
39485.13,Lachnospira
39485.12,Lachnospira
39485.11,Lachnospira
39485.14,Lachnospira
39485.15,Lachnospira
39485.18,Lachnospira
39485.16,Lachnospira
39485.27,Lachnospira
39485.26,Lachnospira
39485.25,Lachnospira
39485.24,Lachnospira
39485.23,Lachnospira
39485.22,Lachnospira
39485.21,Lachnospira
39485.19,Lachnospira
39485.17,Lachnospira
39485.3,Lachnospira
39485.4,Lachnospira
290055.3,Faecalicatena
411469.11,Anaerobutyricum
39488.13,Anaerobutyricum
39488.12,Anaerobutyricum
39488.26,Anaerobutyricum
39488.25,Anaerobutyricum
39488.24,Anaerobutyricum
39488.14,Anaerobutyricum
39488.11,Anaerobutyricum
39488.22,Anaerobutyricum
39488.4,Anaerobutyricum
39488.3,Anaerobutyricum
39498.3,Peptoanaerobacter
39498.4,Peptoanaerobacter
1937528.3,Flavobacterium
1936242.3,Chitinophaga
1464011.3,Streptomyces
1050843.3,Cutibacterium
1574624.5,Cutibacterium
265293.13,Burkholderia
265293.12,Burkholderia
33038.55,Mediterraneibacter
33038.53,Mediterraneibacter
33038.52,Mediterraneibacter
33038.51,Mediterraneibacter
33038.67,Mediterraneibacter
33038.66,Mediterraneibacter
33038.65,Mediterraneibacter
33038.64,Mediterraneibacter
33038.63,Mediterraneibacter
33038.62,Mediterraneibacter
33038.61,Mediterraneibacter
33038.59,Mediterraneibacter
33038.58,Mediterraneibacter
33038.57,Mediterraneibacter
33038.56,Mediterraneibacter
33038.54,Mediterraneibacter
33038.49,Mediterraneibacter
33038.12,Mediterraneibacter
33038.11,Mediterraneibacter
33038.8,Mediterraneibacter
33039.31,Mediterraneibacter
33039.13,Mediterraneibacter
33039.12,Mediterraneibacter
33039.14,Mediterraneibacter
33039.9,Mediterraneibacter
33039.11,Mediterraneibacter
1469607.3,Tolypothrix
469009.3,Candidatus Phytoplasma
1193712.3,Candidatus Phytoplasma
295320.3,Candidatus Phytoplasma
1538355.3,Candidatus Phytoplasma
2358428.3,Candidatus Phytoplasma
551115.19,Trichormus
551115.18,Trichormus
2763338.4,Candidatus Phytoplasma
2763338.3,Candidatus Phytoplasma
2700027.3,Candidatus Phytoplasma
167955.13,Candidatus Phytoplasma
2609813.3,Candidatus Phytoplasma
2831467.3,Candidatus Phytoplasma
1659315.3,Shewanella
1960156.3,Abditibacterium
592010.4,Abiotrophia
46125.42,Abiotrophia
46125.44,Abiotrophia
46125.37,Abiotrophia
46125.38,Abiotrophia
46125.39,Abiotrophia
46125.34,Abiotrophia
46125.35,Abiotrophia
46125.36,Abiotrophia
46125.43,Abiotrophia
1581061.66,Abiotrophia
1581061.91,Abiotrophia
2486576.3,Absicoccus
1671597.3,Absiella
31971.8,Amedibacillus
31971.21,Amedibacillus
2583452.3,Amedibacterium
2291993.3,Absiella
2291994.3,Absiella
2291995.3,Absiella
2291996.3,Absiella
2292277.3,Absiella
2292278.3,Absiella
2292279.3,Absiella
2057235.3,Absiella
2320200.4,Abyssibacter
1817405.3,Abyssicoccus
442870.4,Acanthopleuribacter
2818388.3,Sulfidibacter
1120917.3,Acaricomes
329726.14,Acaryochloris
329726.55,Acaryochloris
329726.57,Acaryochloris
329726.56,Acaryochloris
329726.61,Acaryochloris
329726.54,Acaryochloris
329726.58,Acaryochloris
329726.59,Acaryochloris
329726.53,Acaryochloris
2762553.3,Acaryochloris
2740837.3,Acaryochloris
310037.4,Acaryochloris
2720402.3,Acaryochloris
1764569.3,Acaryochloris
2720442.3,Acaryochloris
2720481.3,Acaryochloris
258515.18,Acetanaerobacterium
2841535.3,Acetanaerobacterium
2908897.5,Acetatifactor
2908897.7,Acetatifactor
2941233.3,Acetatifactor
1872090.3,Acetatifactor
1872090.29,Acetatifactor
1872090.28,Acetatifactor
1872090.31,Acetatifactor
1872090.35,Acetatifactor
1872090.34,Acetatifactor
1872090.33,Acetatifactor
1872090.36,Acetatifactor
1872090.32,Acetatifactor
1872090.4,Acetatifactor
1872090.5,Acetatifactor
1872090.14,Acetatifactor
1872090.13,Acetatifactor
1872090.12,Acetatifactor
1872090.11,Acetatifactor
1872090.9,Acetatifactor
1872090.5,Acetatifactor
1872090.8,Acetatifactor
1872090.4,Acetatifactor
1872090.7,Acetatifactor
1872090.6,Acetatifactor
1872090.3,Acetatifactor
1872090.23,Acetatifactor
1872090.22,Acetatifactor
1872090.26,Acetatifactor
1872090.24,Acetatifactor
1872090.21,Acetatifactor
1872090.25,Acetatifactor
1872090.18,Acetatifactor
1872090.19,Acetatifactor
1872090.15,Acetatifactor
1872090.27,Acetatifactor
1872090.16,Acetatifactor
1872090.17,Acetatifactor
1120918.3,Acetitomaculum
509191.4,Acetivibrio
290052.5,Acetivibrio
290052.6,Acetivibrio
2841523.3,Acetivibrio
253314.4,Acetivibrio
1515.14,Acetivibrio
1515.13,Acetivibrio
1482736.4,Acetoanaerobium
1872093.5,Acetoanaerobium
1872093.4,Acetoanaerobium
1872093.3,Acetoanaerobium
435.9,Acetobacter
1457393.3,Acetobacter
1206747.3,Acetobacter
435.23,Acetobacter
435.8,Acetobacter
435.5,Acetobacter
178900.9,Acetobacter
178900.11,Acetobacter
178900.8,Acetobacter
178900.7,Acetobacter
178900.6,Acetobacter
178900.5,Acetobacter
1231339.3,Acetobacter
146475.5,Acetobacter
104097.6,Acetobacter
104097.5,Acetobacter
483199.43,Acetobacter
483199.44,Acetobacter
483199.38,Acetobacter
483199.42,Acetobacter
483199.41,Acetobacter
483199.39,Acetobacter
483199.16,Acetobacter
483199.28,Acetobacter
483199.23,Acetobacter
483199.31,Acetobacter
483199.17,Acetobacter
483199.18,Acetobacter
483199.26,Acetobacter
483199.34,Acetobacter
483199.21,Acetobacter
483199.36,Acetobacter
483199.24,Acetobacter
483199.35,Acetobacter
483199.14,Acetobacter
483199.19,Acetobacter
483199.15,Acetobacter
483199.22,Acetobacter
483199.27,Acetobacter
483199.25,Acetobacter
483199.32,Acetobacter
483199.33,Acetobacter
483199.29,Acetobacter
483199.37,Acetobacter
483199.6,Acetobacter
483199.11,Acetobacter
483199.7,Acetobacter
1260984.3,Acetobacter
2817435.4,Acetobacter
431306.8,Acetobacter
431306.6,Acetobacter
431306.7,Acetobacter
431306.5,Acetobacter
1231340.3,Acetobacter
104101.16,Acetobacter
104101.12,Acetobacter
104101.15,Acetobacter
104101.14,Acetobacter
104101.13,Acetobacter
104101.6,Acetobacter
104101.5,Acetobacter
1332824.4,Acetobacter
1332824.5,Acetobacter
1332824.3,Acetobacter
104100.8,Acetobacter
104100.9,Acetobacter
104100.6,Acetobacter
104100.5,Acetobacter
178901.16,Acetobacter
178901.17,Acetobacter
178901.13,Acetobacter
178901.15,Acetobacter
178901.14,Acetobacter
178901.12,Acetobacter
1120919.3,Acetobacter
1120919.6,Acetobacter
304077.9,Acetobacter
304077.8,Acetobacter
304077.7,Acetobacter
1236501.3,Acetobacter
1076594.9,Acetobacter
1076594.8,Acetobacter
1076594.7,Acetobacter
1076594.4,Acetobacter
1231341.3,Acetobacter
146474.16,Acetobacter
146474.17,Acetobacter
146474.15,Acetobacter
146474.4,Acetobacter
146474.5,Acetobacter
146474.6,Acetobacter
146474.9,Acetobacter
146474.8,Acetobacter
1231342.3,Acetobacter
104099.5,Acetobacter
104099.3,Acetobacter
104099.6,Acetobacter
2500548.9,Acetobacter
1234671.3,Acetobacter
438.28,Acetobacter
1266844.4,Acetobacter
1266844.26,Acetobacter
1266844.24,Acetobacter
1266844.21,Acetobacter
1266844.25,Acetobacter
1266844.27,Acetobacter
1266844.23,Acetobacter
1266844.22,Acetobacter
1006554.3,Acetobacter
1006554.7,Acetobacter
1006554.8,Acetobacter
1006554.9,Acetobacter
1226663.3,Acetobacter
1226664.3,Acetobacter
1226661.3,Acetobacter
1226660.3,Acetobacter
1226659.3,Acetobacter
1226662.3,Acetobacter
1226658.3,Acetobacter
1226665.3,Acetobacter
438.26,Acetobacter
438.27,Acetobacter
438.17,Acetobacter
438.24,Acetobacter
438.25,Acetobacter
438.72,Acetobacter
438.15,Acetobacter
438.23,Acetobacter
438.22,Acetobacter
481146.3,Acetobacter
481146.6,Acetobacter
481146.7,Acetobacter
481146.8,Acetobacter
481146.4,Acetobacter
481146.9,Acetobacter
481146.11,Acetobacter
481145.3,Acetobacter
481145.9,Acetobacter
481145.7,Acetobacter
481145.11,Acetobacter
481145.8,Acetobacter
481145.4,Acetobacter
481145.12,Acetobacter
481145.13,Acetobacter
481145.14,Acetobacter
104098.23,Acetobacter
104098.22,Acetobacter
104098.13,Acetobacter
104098.16,Acetobacter
104098.18,Acetobacter
104098.21,Acetobacter
104098.14,Acetobacter
104098.15,Acetobacter
104098.19,Acetobacter
104098.17,Acetobacter
104098.11,Acetobacter
104098.9,Acetobacter
1236503.3,Acetobacter
1076596.17,Acetobacter
1076596.15,Acetobacter
1076596.11,Acetobacter
1076596.12,Acetobacter
1076596.13,Acetobacter
1076596.14,Acetobacter
1076596.5,Acetobacter
1076596.4,Acetobacter
1076596.6,Acetobacter
2661687.3,Acetobacter
446692.38,Acetobacter
446692.42,Acetobacter
446692.39,Acetobacter
446692.4,Acetobacter
446692.41,Acetobacter
446692.43,Acetobacter
446692.3,Acetobacter
446692.15,Acetobacter
446692.5,Acetobacter
446692.4,Acetobacter
1896965.3,Acetobacter
440.6,Acetobacter
2500548.3,Acetobacter
1868878.3,Acetobacter
1262684.3,Acetobacter
1262685.3,Acetobacter
1670658.3,Acetobacter
2591079.3,Acetobacter
2591078.3,Acetobacter
2591090.3,Acetobacter
2591081.3,Acetobacter
2591088.3,Acetobacter
2591089.3,Acetobacter
2591083.3,Acetobacter
2591080.3,Acetobacter
2591082.3,Acetobacter
2591085.3,Acetobacter
2591086.3,Acetobacter
2591087.3,Acetobacter
2591084.3,Acetobacter
2591091.3,Acetobacter
1670661.3,Acetobacter
1514894.3,Acetobacter
1670659.3,Acetobacter
1670660.3,Acetobacter
2259883.3,Acetobacter
2592655.3,Acetobacter
1737472.3,Acetobacter
1737473.3,Acetobacter
2681493.3,Acetobacter
440.53,Acetobacter
440.52,Acetobacter
2762621.3,Acetobacter
2762620.3,Acetobacter
440.32,Acetobacter
1633874.3,Acetobacter
1633874.6,Acetobacter
1633874.5,Acetobacter
1633874.4,Acetobacter
2817435.3,Acetobacter
1945905.3,Acetobacter
440.33,Acetobacter
440.38,Acetobacter
440.49,Acetobacter
440.41,Acetobacter
440.44,Acetobacter
440.45,Acetobacter
440.36,Acetobacter
440.35,Acetobacter
440.48,Acetobacter
440.47,Acetobacter
440.42,Acetobacter
440.46,Acetobacter
440.43,Acetobacter
440.34,Acetobacter
440.37,Acetobacter
440.39,Acetobacter
440.31,Acetobacter
440.5,Acetobacter
440.6,Acetobacter
440.25,Acetobacter
440.26,Acetobacter
440.12,Acetobacter
440.13,Acetobacter
440.11,Acetobacter
440.7,Acetobacter
440.9,Acetobacter
440.14,Acetobacter
440.8,Acetobacter
440.19,Acetobacter
440.24,Acetobacter
440.16,Acetobacter
440.23,Acetobacter
440.15,Acetobacter
440.22,Acetobacter
440.21,Acetobacter
440.28,Acetobacter
440.29,Acetobacter
1502841.3,Acetobacter
1231343.3,Acetobacter
146476.14,Acetobacter
146476.3,Acetobacter
146476.4,Acetobacter
146476.13,Acetobacter
146476.7,Acetobacter
146476.6,Acetobacter
1502842.11,Acetobacter
1502842.9,Acetobacter
1502842.8,Acetobacter
1502842.3,Acetobacter
104102.17,Acetobacter
104102.18,Acetobacter
104102.31,Acetobacter
104102.7,Acetobacter
104102.36,Acetobacter
104102.14,Acetobacter
104102.12,Acetobacter
104102.11,Acetobacter
104102.29,Acetobacter
2762277.3,Entomobacter
2582866.3,Lichenicoccus
52689.8,Acetobacterium
52689.9,Acetobacterium
52689.11,Acetobacterium
1068975.11,Acetobacterium
52691.4,Acetobacterium
52692.3,Acetobacterium
52693.5,Acetobacterium
52693.4,Acetobacterium
2184575.3,Acetobacterium
1899015.3,Acetobacterium
1899015.4,Acetobacterium
1945906.3,Acetobacterium
1945907.3,Acetobacterium
1945908.3,Acetobacterium
1872094.6,Acetobacterium
1872094.4,Acetobacterium
1872094.5,Acetobacterium
1872094.3,Acetobacterium
132932.5,Acetobacterium
132932.4,Acetobacterium
52694.18,Acetobacterium
52694.12,Acetobacterium
52694.3,Acetobacterium
52694.11,Acetobacterium
52694.7,Acetobacterium
33952.7,Acetobacterium
1872096.101,Acetofilamentum
1872096.118,Acetofilamentum
1872096.102,Acetofilamentum
1872096.119,Acetofilamentum
1872096.117,Acetofilamentum
1872096.105,Acetofilamentum
1872096.89,Acetofilamentum
1872096.108,Acetofilamentum
1872096.91,Acetofilamentum
1872096.106,Acetofilamentum
1872096.88,Acetofilamentum
1872096.115,Acetofilamentum
1872096.98,Acetofilamentum
1872096.114,Acetofilamentum
1872096.97,Acetofilamentum
1872096.112,Acetofilamentum
1872096.95,Acetofilamentum
1872096.113,Acetofilamentum
1872096.96,Acetofilamentum
1872096.111,Acetofilamentum
1872096.94,Acetofilamentum
1872096.93,Acetofilamentum
1872096.116,Acetofilamentum
1872096.99,Acetofilamentum
1872096.109,Acetofilamentum
1872096.92,Acetofilamentum
1872096.107,Acetofilamentum
1872096.103,Acetofilamentum
1872096.104,Acetofilamentum
1872096.121,Acetofilamentum
574087.3,Acetohalobium
49896.4,Acetomicrobium
49896.3,Acetomicrobium
1872099.4,Acetomicrobium
1872099.3,Acetomicrobium
1872099.5,Acetomicrobium
1009370.3,Acetonema
1278311.3,Haploplasma
29552.8,Haploplasma
61635.6,Paracholeplasma
1408415.3,Acholeplasma
555393.3,Acholeplasma
1278304.3,Acholeplasma
1408416.3,Acholeplasma
264636.3,Acholeplasma
441768.5,Acholeplasma
2148.14,Acholeplasma
2148.8,Acholeplasma
2148.13,Acholeplasma
2148.5,Acholeplasma
2148.17,Acholeplasma
2148.6,Acholeplasma
2148.15,Acholeplasma
2148.11,Acholeplasma
2148.12,Acholeplasma
2148.7,Acholeplasma
2148.19,Acholeplasma
2148.18,Acholeplasma
2148.21,Acholeplasma
1408417.3,Haploplasma
264637.3,Paracholeplasma
1278299.3,Acholeplasma
35623.3,Acholeplasma
35623.4,Acholeplasma
35623.6,Acholeplasma
1318466.3,Alteracholeplasma
1318466.4,Alteracholeplasma
1262686.3,Acholeplasma
33015.11,Acholeplasma
33015.8,Acholeplasma
33015.7,Acholeplasma
33015.6,Acholeplasma
33015.5,Acholeplasma
33015.9,Acholeplasma
33015.4,Acholeplasma
2735436.3,Mariniplasma
1604834.3,Achromatium
1604835.3,Achromatium
1604836.3,Achromatium
1287736.3,Achromobacter
1287736.4,Achromobacter
1287736.5,Achromobacter
1353888.3,Achromobacter
1750518.3,Achromobacter
1389935.4,Achromobacter
1389935.3,Achromobacter
1389935.5,Achromobacter
1287737.5,Achromobacter
1287737.4,Achromobacter
1287737.3,Achromobacter
477184.5,Achromobacter
1353891.18,Achromobacter
1353891.5,Achromobacter
1353891.12,Achromobacter
1353891.8,Achromobacter
1353891.6,Achromobacter
1353891.9,Achromobacter
1353891.7,Achromobacter
1255278.4,Achromobacter
32002.45,Achromobacter
32002.33,Achromobacter
32002.23,Achromobacter
32002.16,Achromobacter
32002.47,Achromobacter
32002.22,Achromobacter
32002.39,Achromobacter
32002.4,Achromobacter
32002.38,Achromobacter
32002.36,Achromobacter
32002.37,Achromobacter
32002.15,Achromobacter
32002.25,Achromobacter
32002.17,Achromobacter
32002.32,Achromobacter
32002.19,Achromobacter
32002.4,Achromobacter
1287738.3,Achromobacter
1287738.4,Achromobacter
1287738.5,Achromobacter
1287738.7,Achromobacter
1287738.6,Achromobacter
217204.21,Achromobacter
217204.23,Achromobacter
217204.6,Achromobacter
217204.3,Achromobacter
217204.9,Achromobacter
217204.12,Achromobacter
217204.15,Achromobacter
217204.14,Achromobacter
217204.16,Achromobacter
217204.5,Achromobacter
217204.13,Achromobacter
217204.17,Achromobacter
217204.7,Achromobacter
1287735.34,Achromobacter
1287735.33,Achromobacter
1287735.31,Achromobacter
1287735.32,Achromobacter
1287735.27,Achromobacter
1287735.29,Achromobacter
1287735.28,Achromobacter
1287735.26,Achromobacter
1287735.25,Achromobacter
1287735.24,Achromobacter
1287735.6,Achromobacter
1287735.15,Achromobacter
1287735.16,Achromobacter
1353890.3,Achromobacter
470868.3,Achromobacter
470868.5,Achromobacter
470868.6,Achromobacter
1389922.15,Achromobacter
1389922.14,Achromobacter
1389922.13,Achromobacter
1389922.9,Achromobacter
1389922.11,Achromobacter
1389922.12,Achromobacter
1389922.3,Achromobacter
1389922.5,Achromobacter
1389922.4,Achromobacter
1389922.6,Achromobacter
1389922.7,Achromobacter
1353889.4,Achromobacter
1353889.3,Achromobacter
1156919.3,Achromobacter
1216977.3,Achromobacter
1389932.8,Achromobacter
1389932.3,Achromobacter
1389932.4,Achromobacter
1389932.5,Achromobacter
2479855.3,Achromobacter
134375.61,Achromobacter
2756133.4,Achromobacter
2756133.3,Achromobacter
2756133.9,Achromobacter
2769298.3,Achromobacter
2769305.3,Achromobacter
2769300.3,Achromobacter
2769312.3,Achromobacter
2854776.3,Achromobacter
2918181.7,Achromobacter
2918181.5,Achromobacter
1758194.3,Achromobacter
1631616.4,Achromobacter
2795101.3,Achromobacter
2795100.3,Achromobacter
2735900.3,Achromobacter
2282475.3,Achromobacter
2727415.3,Achromobacter
1705197.3,Achromobacter
1688405.3,Achromobacter
2860286.3,Achromobacter
2779529.3,Achromobacter
2824765.3,Achromobacter
1739443.3,Achromobacter
1739526.3,Achromobacter
1739276.3,Achromobacter
1581105.3,Achromobacter
1416886.3,Achromobacter
2015171.3,Achromobacter
2015170.3,Achromobacter
1295134.5,Achromobacter
2940590.3,Achromobacter
2292262.3,Achromobacter
1915388.3,Achromobacter
1848159.3,Achromobacter
2511204.3,Achromobacter
1120623.3,Achromobacter
2069367.3,Achromobacter
1881016.3,Achromobacter
2897384.8,Achromobacter
2897384.9,Achromobacter
2897384.3,Achromobacter
1827284.3,Achromobacter
2829161.3,Achromobacter
1564112.4,Achromobacter
134375.6,Achromobacter
1532557.3,Achromobacter
2202897.3,Achromobacter
1736480.3,Achromobacter
1736564.3,Achromobacter
1736602.3,Achromobacter
2782011.3,Achromobacter
134375.59,Achromobacter
1945909.3,Achromobacter
1945910.3,Achromobacter
1945911.3,Achromobacter
1945912.3,Achromobacter
1945913.3,Achromobacter
1945914.3,Achromobacter
1862319.3,Achromobacter
1862320.3,Achromobacter
134375.62,Achromobacter
134375.7,Achromobacter
134375.17,Achromobacter
134375.21,Achromobacter
134375.33,Achromobacter
134375.26,Achromobacter
134375.16,Achromobacter
134375.6,Achromobacter
134375.14,Achromobacter
134375.27,Achromobacter
134375.7,Achromobacter
134375.23,Achromobacter
134375.4,Achromobacter
134375.32,Achromobacter
134375.19,Achromobacter
134375.28,Achromobacter
134375.24,Achromobacter
134375.31,Achromobacter
134375.35,Achromobacter
134375.22,Achromobacter
134375.11,Achromobacter
134375.15,Achromobacter
134375.13,Achromobacter
134375.8,Achromobacter
134375.9,Achromobacter
134375.34,Achromobacter
134375.25,Achromobacter
134375.49,Achromobacter
134375.5,Achromobacter
134375.18,Achromobacter
134375.12,Achromobacter
134375.29,Achromobacter
134375.5,Achromobacter
134375.41,Achromobacter
134375.52,Achromobacter
134375.53,Achromobacter
134375.58,Achromobacter
134375.57,Achromobacter
134375.51,Achromobacter
134375.56,Achromobacter
134375.45,Achromobacter
134375.46,Achromobacter
134375.43,Achromobacter
134375.44,Achromobacter
217203.42,Achromobacter
217203.12,Achromobacter
217203.3,Achromobacter
217203.24,Achromobacter
217203.13,Achromobacter
217203.17,Achromobacter
217203.41,Achromobacter
217203.16,Achromobacter
222.12,Achromobacter
222.6,Achromobacter
222.11,Achromobacter
222.13,Achromobacter
222.8,Achromobacter
222.9,Achromobacter
222.15,Achromobacter
1003200.3,Achromobacter
562971.11,Achromobacter
562971.6,Achromobacter
1295130.3,Achromobacter
1216976.8,Achromobacter
1216976.3,Achromobacter
1167634.13,Achromobacter
1350469.3,Achromobacter
1120920.3,Acidaminobacter
2530199.6,Acidaminobacter
2530199.4,Acidaminobacter
1872102.3,Acidaminobacter
591001.3,Acidaminococcus
591001.19,Acidaminococcus
591001.17,Acidaminococcus
591001.18,Acidaminococcus
187327.388,Acidaminococcus
187327.383,Acidaminococcus
1263033.3,Acidaminococcus
187327.386,Acidaminococcus
187327.385,Acidaminococcus
187327.384,Acidaminococcus
187327.398,Acidaminococcus
187327.377,Acidaminococcus
187327.375,Acidaminococcus
187327.376,Acidaminococcus
1120921.3,Acidaminococcus
187327.389,Acidaminococcus
187327.391,Acidaminococcus
187327.392,Acidaminococcus
187327.393,Acidaminococcus
187327.394,Acidaminococcus
187327.373,Acidaminococcus
568816.4,Acidaminococcus
187327.374,Acidaminococcus
187327.399,Acidaminococcus
187327.318,Acidaminococcus
187327.298,Acidaminococcus
187327.396,Acidaminococcus
187327.339,Acidaminococcus
187327.354,Acidaminococcus
187327.357,Acidaminococcus
187327.316,Acidaminococcus
187327.315,Acidaminococcus
187327.282,Acidaminococcus
187327.283,Acidaminococcus
187327.337,Acidaminococcus
187327.352,Acidaminococcus
187327.355,Acidaminococcus
187327.338,Acidaminococcus
187327.353,Acidaminococcus
187327.356,Acidaminococcus
187327.299,Acidaminococcus
187327.397,Acidaminococcus
1852375.38,Acidaminococcus
1852375.47,Acidaminococcus
2058289.22,Acidaminococcus
2291997.3,Acidaminococcus
2292909.3,Acidaminococcus
1111120.3,Acidaminococcus
1262687.3,Acidaminococcus
1262688.3,Acidaminococcus
563191.3,Acidaminococcus
1203555.3,Acidaminococcus
1871002.3,Acidaminococcus
1852375.3,Acidaminococcus
2058289.3,Acidaminococcus
2897706.7,Acidaminococcus
2897706.8,Acidaminococcus
2897706.3,Acidaminococcus
1872103.9,Acidaminococcus
1945915.3,Acidaminococcus
1945916.3,Acidaminococcus
1945917.3,Acidaminococcus
1872103.5,Acidaminococcus
1872103.8,Acidaminococcus
1872103.7,Acidaminococcus
1872103.6,Acidaminococcus
1872103.3,Acidaminococcus
1872103.4,Acidaminococcus
1871002.25,Acidaminococcus
1871002.24,Acidaminococcus
2283.11,Acidianus
2283.4,Acidianus
41673.4,Acidianus
563177.5,Acidianus
12915.4,Acidianus
282676.3,Acidianus
2732866.3,Acidianus
2886040.5,Acidianus
619593.4,Acidianus
1765683.8,Acidibacillus
1765683.11,Acidibacillus
1765683.12,Acidibacillus
2005001.3,Acidibacillus
1765684.3,Acidibacillus
1978469.6,Acidibacter
1978469.7,Acidibacter
2606776.9,Acidibrevibacterium
2606776.3,Acidibrevibacterium
2606776.4,Acidibrevibacterium
209650.4,Acidicaldus
1872105.3,Acidicaldus
1561005.7,Acididesulfobacillus
1561005.6,Acididesulfobacillus
1561005.4,Acididesulfobacillus
1281578.45,Acidiferrobacter
1872107.4,Acidiferrobacter
1872107.3,Acidiferrobacter
1872107.3,Acidiferrobacter
1872107.4,Acidiferrobacter
163359.11,Acidiferrobacter
163359.15,Acidiferrobacter
1765967.4,Acidihalobacter
160660.9,Acidihalobacter
160660.18,Acidihalobacter
1872109.11,Acidilobus
1577685.3,Acidilobus
1872109.8,Acidilobus
1872109.9,Acidilobus
1872109.7,Acidilobus
1872109.5,Acidilobus
1872109.6,Acidilobus
1987488.3,Acidilobus
1987489.4,Acidilobus
1872109.4,Acidilobus
1872109.3,Acidilobus
2056283.4,Acidimangrovimonas
2664430.3,Acidiferrimicrobium
2064846.3,Desertimonas
525909.11,Acidimicrobium
525909.43,Acidimicrobium
525909.47,Acidimicrobium
525909.46,Acidimicrobium
525909.45,Acidimicrobium
525909.48,Acidimicrobium
525909.49,Acidimicrobium
525909.44,Acidimicrobium
525909.37,Acidimicrobium
525909.36,Acidimicrobium
525909.42,Acidimicrobium
525909.38,Acidimicrobium
525909.39,Acidimicrobium
525909.41,Acidimicrobium
53635.16,Acidimicrobium
53635.12,Acidimicrobium
53635.11,Acidimicrobium
53635.14,Acidimicrobium
53635.15,Acidimicrobium
1655564.3,Acidimicrobium
1655565.3,Acidimicrobium
1655566.3,Acidimicrobium
1655575.3,Acidimicrobium
1872112.31,Acidimicrobium
1945918.3,Acidimicrobium
1945919.3,Acidimicrobium
1945920.3,Acidimicrobium
1945921.3,Acidimicrobium
1945922.3,Acidimicrobium
1945923.3,Acidimicrobium
1872112.4,Acidimicrobium
1872112.3,Acidimicrobium
1872112.3,Acidimicrobium
1872112.29,Acidimicrobium
1872112.7,Acidimicrobium
1872112.6,Acidimicrobium
1872112.5,Acidimicrobium
1408418.3,Acidiphilium
349163.32,Acidiphilium
349163.28,Acidiphilium
349163.35,Acidiphilium
349163.33,Acidiphilium
349163.29,Acidiphilium
349163.34,Acidiphilium
349163.31,Acidiphilium
349163.14,Acidiphilium
62140.4,Acidiphilium
62140.9,Acidiphilium
526.4,Acidiphilium
1970291.3,Acidiphilium
1970292.3,Acidiphilium
1970293.3,Acidiphilium
1970294.3,Acidiphilium
1970295.3,Acidiphilium
1970296.3,Acidiphilium
1970297.3,Acidiphilium
1970298.3,Acidiphilium
1970299.3,Acidiphilium
1970300.3,Acidiphilium
1671485.3,Acidiphilium
1262689.3,Acidiphilium
1464546.3,Acidiphilium
1043206.3,Acidiphilium
1560006.5,Silvibacterium
1560006.3,Silvibacterium
2303751.3,Paracidobacterium
2305226.3,Acidipila
1872113.3,Acidipila
507754.4,Acidiplasma
507754.5,Acidiplasma
1295373.3,Acidiplasma
312540.4,Acidiplasma
1293648.4,Acidiplasma
1748.18,Acidipropionibacterium
1748.17,Acidipropionibacterium
1748.14,Acidipropionibacterium
1748.21,Acidipropionibacterium
1748.19,Acidipropionibacterium
1748.15,Acidipropionibacterium
1749.6,Acidipropionibacterium
1749.18,Acidipropionibacterium
1749.5,Acidipropionibacterium
1749.12,Acidipropionibacterium
1749.9,Acidipropionibacterium
1749.8,Acidipropionibacterium
2057246.3,Acidipropionibacterium
1912218.3,Acidipropionibacterium
2161818.3,Acidipropionibacterium
2608729.7,Acidisarcina
2608729.8,Acidisarcina
2608729.3,Acidisarcina
2802395.3,Acidisoma
2802395.9,Acidisoma
2802396.9,Acidisoma
2802396.3,Acidisoma
1641850.3,Acidisoma
1747225.3,Acidisoma
1231350.12,Acidisphaera
1969806.3,Acidibrevibacterium
1641851.3,Acidisphaera
1747223.3,Acidisphaera
1872116.5,Acidisphaera
1872116.4,Acidisphaera
1872116.3,Acidisphaera
1872116.5,Acidisphaera
1872116.3,Acidisphaera
1872116.4,Acidisphaera
1294026.5,Aciditerrimonas
119978.4,Acidithiobacillus
119978.19,Acidithiobacillus
33059.55,Acidithiobacillus
33059.48,Acidithiobacillus
33059.54,Acidithiobacillus
33059.53,Acidithiobacillus
33059.15,Acidithiobacillus
33059.51,Acidithiobacillus
33059.22,Acidithiobacillus
33059.49,Acidithiobacillus
33059.56,Acidithiobacillus
33059.23,Acidithiobacillus
33059.42,Acidithiobacillus
33059.14,Acidithiobacillus
33059.18,Acidithiobacillus
33059.52,Acidithiobacillus
33059.16,Acidithiobacillus
33059.17,Acidithiobacillus
2678518.3,Acidithiobacillus
1232575.4,Acidithiobacillus
1232575.23,Acidithiobacillus
1232575.21,Acidithiobacillus
1232575.19,Acidithiobacillus
1232575.7,Acidithiobacillus
1232575.22,Acidithiobacillus
1232575.24,Acidithiobacillus
1689834.21,Acidithiobacillus
1689834.7,Acidithiobacillus
1689834.8,Acidithiobacillus
1689834.19,Acidithiobacillus
1689834.6,Acidithiobacillus
1689834.11,Acidithiobacillus
1689834.9,Acidithiobacillus
1689834.14,Acidithiobacillus
1689834.12,Acidithiobacillus
1689834.16,Acidithiobacillus
1689834.15,Acidithiobacillus
160808.81,Acidithiobacillus
160808.82,Acidithiobacillus
160808.24,Acidithiobacillus
160808.75,Acidithiobacillus
160808.5,Acidithiobacillus
160808.74,Acidithiobacillus
160808.19,Acidithiobacillus
160808.29,Acidithiobacillus
160808.28,Acidithiobacillus
160808.79,Acidithiobacillus
160808.72,Acidithiobacillus
160808.18,Acidithiobacillus
243159.4,Acidithiobacillus
380394.4,Acidithiobacillus
1433292.4,Acidithiobacillus
2614801.3,Acidithiobacillus
2730918.3,Acidithiobacillus
2724912.3,Acidithiobacillus
1867749.3,Acidithiobacillus
2724910.3,Acidithiobacillus
2724911.3,Acidithiobacillus
2729135.3,Acidithiobacillus
2697656.3,Acidithiobacillus
2697654.3,Acidithiobacillus
2697655.3,Acidithiobacillus
1872118.27,Acidithiobacillus
1872118.26,Acidithiobacillus
2801579.3,Acidithiobacillus
2801580.3,Acidithiobacillus
2801581.3,Acidithiobacillus
1958756.3,Acidithiobacillus
2937799.4,Acidithiobacillus
187490.4,Acidithiobacillus
1872118.25,Acidithiobacillus
1872118.24,Acidithiobacillus
1872118.19,Acidithiobacillus
1872118.17,Acidithiobacillus
1872118.16,Acidithiobacillus
1872118.18,Acidithiobacillus
1945924.3,Acidithiobacillus
2724909.3,Acidithiobacillus
2724915.3,Acidithiobacillus
2724913.3,Acidithiobacillus
2927876.3,Acidithiobacillus
1872118.3,Acidithiobacillus
1872118.3,Acidithiobacillus
1872118.14,Acidithiobacillus
1432062.4,Acidithiobacillus
1280514.4,Acidithrix
1671482.3,Acidithrix
2510639.4,Acidithrix
2510639.3,Acidithrix
2741543.3,Candidatus Acidoferrum
1953112.3,Candidatus Acidoferrum
2211140.3,Acidisarcina
2169412.3,Candidatus Angelobacter
1382359.8,Pseudacidobacterium
1382359.5,Pseudacidobacterium
240015.3,Acidobacterium
33075.5,Acidobacterium
2763107.3,Alloacidobacterium
1382359.3,Pseudacidobacterium
1641854.3,Acidobacterium
1872119.4,Acidobacterium
1872119.3,Acidobacterium
1872119.13,Acidobacterium
1872119.12,Acidobacterium
1872119.11,Acidobacterium
1872119.7,Acidobacterium
1872119.4,Acidobacterium
1872119.9,Acidobacterium
1872119.8,Acidobacterium
1872119.6,Acidobacterium
1872119.5,Acidobacterium
1120923.5,Acidocella
1120923.7,Acidocella
1303579.3,Acidocella
1408419.3,Acidocella
525.4,Acidocella
1970301.3,Acidocella
1970302.3,Acidocella
1970303.3,Acidocella
1970304.3,Acidocella
1970305.3,Acidocella
1970306.3,Acidocella
1671486.3,Acidocella
2885158.3,Acidocella
2885158.9,Acidocella
1214225.3,Acidocella
50710.4,Acidocella
50710.4,Acidocella
437.7,Acidomonas
1231351.7,Acidomonas
1231351.3,Acidomonas
437.6,Acidomonas
437.4,Acidomonas
351607.8,Acidothermus
28049.8,Acidothermus
28049.5,Acidothermus
28049.6,Acidothermus
1872121.5,Acidothermus
1872121.3,Acidothermus
343013.6,Acidovorax
343013.3,Acidovorax
1675792.3,Acidovorax
397945.6,Acidovorax
1154764.4,Acidovorax
573060.9,Acidovorax
47920.4,Acidovorax
47920.3,Acidovorax
47920.27,Acidovorax
47920.11,Acidovorax
47920.14,Acidovorax
535289.3,Diaphorobacter
12917.5,Acidovorax
12917.4,Acidovorax
2004485.6,Acidovorax
32040.4,Acidovorax
32040.5,Acidovorax
1926868.3,Acidovorax
1408420.3,Acidovorax
592050.7,Acidovorax
592050.4,Acidovorax
592050.5,Acidovorax
2135635.3,Acidovorax
2135637.3,Acidovorax
2135638.3,Acidovorax
1914867.3,Comamonas
1705602.3,Acidovorax
2743470.3,Acidovorax
1970307.3,Acidovorax
2478662.3,Acidovorax
1970308.3,Acidovorax
1914868.3,Comamonas
2699468.4,Acidovorax
1970309.3,Acidovorax
1970310.3,Acidovorax
2035206.3,Acidovorax
1970311.3,Acidovorax
1970312.3,Acidovorax
1970313.3,Acidovorax
2035205.3,Acidovorax
2035204.3,Acidovorax
2949090.3,Acidovorax
2035203.3,Acidovorax
1895692.3,Acidovorax
2035202.3,Acidovorax
2135632.3,Acidovorax
2135633.3,Acidovorax
2135634.3,Acidovorax
2769311.3,Acidovorax
2769310.3,Acidovorax
1872122.65,Acidovorax
2817729.3,Acidovorax
1872122.75,Acidovorax
1231053.3,Acidovorax
1768795.3,Acidovorax
2835042.3,Acidovorax
1872122.74,Acidovorax
2135736.3,Acidovorax
1144317.3,Acidovorax
1872122.9,Acidovorax
2898584.7,Acidovorax
2898584.8,Acidovorax
2898584.3,Acidovorax
1872122.67,Acidovorax
2153365.3,Acidovorax
1813946.3,Acidovorax
2714923.3,Acidovorax
2056855.3,Acidovorax
2056863.3,Acidovorax
2779366.3,Acidovorax
2822718.3,Acidovorax
1276755.3,Acidovorax
1276756.3,Acidovorax
2518343.3,Acidovorax
232721.25,Acidovorax
232721.24,Acidovorax
232721.9,Acidovorax
358220.3,Acidovorax
2004485.3,Acidovorax
1736280.3,Acidovorax
1736296.3,Acidovorax
2876566.4,Acidovorax
2876566.8,Acidovorax
1736236.3,Acidovorax
1736237.3,Acidovorax
1736240.3,Acidovorax
1872122.68,Acidovorax
1268622.3,Acidovorax
1662456.4,Acidovorax
1662456.3,Acidovorax
553814.3,Acidovorax
1943571.3,Acidovorax
512030.4,Acidovorax
512030.8,Acidovorax
2135489.3,Acidovorax
1662457.4,Acidovorax
1662457.5,Acidovorax
1662457.6,Acidovorax
1662457.3,Acidovorax
1662458.4,Acidovorax
1662458.5,Acidovorax
1662458.6,Acidovorax
1662458.7,Acidovorax
1662458.3,Acidovorax
1842533.3,Acidovorax
1872122.8,Acidovorax
1872122.79,Acidovorax
1736492.3,Acidovorax
1736493.3,Acidovorax
1736505.3,Acidovorax
1736508.3,Acidovorax
1736527.3,Acidovorax
1736565.3,Acidovorax
1736590.3,Acidovorax
1660085.3,Acidovorax
1660086.3,Acidovorax
1660087.3,Acidovorax
1690268.3,Acidovorax
1690268.6,Acidovorax
1962699.3,Acidovorax
1962700.3,Acidovorax
2219062.3,Acidovorax
1858609.7,Acidovorax
1858609.5,Acidovorax
1858609.6,Acidovorax
1858609.4,Acidovorax
2006116.3,Acidovorax
1872122.78,Acidovorax
2919500.5,Acidovorax
2919500.3,Acidovorax
2738413.3,Acidovorax
1872122.77,Acidovorax
2854784.3,Acidovorax
2854788.3,Acidovorax
2854789.3,Acidovorax
2854790.3,Acidovorax
2854791.3,Acidovorax
2854792.3,Acidovorax
1872122.6,Acidovorax
1872122.63,Acidovorax
1872122.57,Acidovorax
1872122.52,Acidovorax
1872122.38,Acidovorax
1872122.36,Acidovorax
1872122.53,Acidovorax
1872122.55,Acidovorax
1872122.58,Acidovorax
1872122.61,Acidovorax
1872122.54,Acidovorax
1872122.56,Acidovorax
1872122.59,Acidovorax
1872122.62,Acidovorax
1872122.42,Acidovorax
1872122.43,Acidovorax
1872122.41,Acidovorax
1872122.49,Acidovorax
1872122.45,Acidovorax
1872122.47,Acidovorax
1872122.44,Acidovorax
1872122.39,Acidovorax
1872122.46,Acidovorax
1872122.48,Acidovorax
1872122.51,Acidovorax
1872122.9,Acidovorax
1872122.8,Acidovorax
1872122.6,Acidovorax
1872122.37,Acidovorax
1872122.7,Acidovorax
187868.3,Acidovorax
1177982.3,Acidovorax
1177982.5,Acidovorax
439481.9,Aciduliprofundum
379547.3,Aciduliprofundum
379547.8,Aciduliprofundum
379547.7,Aciduliprofundum
379547.5,Aciduliprofundum
379547.4,Aciduliprofundum
1935017.3,Aciduliprofundum
1935018.3,Aciduliprofundum
2060325.3,Aciduliprofundum
2060325.5,Aciduliprofundum
2060325.6,Aciduliprofundum
1673609.11,Acinetobacter
1673609.3,Acinetobacter
1229165.4,Acinetobacter
470.4443,Acinetobacter
470.4444,Acinetobacter
470.4441,Acinetobacter
470.18845,Acinetobacter
470.18844,Acinetobacter
470.571,Acinetobacter
470.605,Acinetobacter
1310800.122,Acinetobacter
1310784.3,Acinetobacter
1310751.3,Acinetobacter
470.16001,Acinetobacter
470.16311,Acinetobacter
1310586.3,Acinetobacter
1310571.3,Acinetobacter
1310572.3,Acinetobacter
1310622.6,Acinetobacter
1310554.3,Acinetobacter
1310592.3,Acinetobacter
1310590.3,Acinetobacter
1310831.3,Acinetobacter
1310574.3,Acinetobacter
1310564.3,Acinetobacter
1310569.3,Acinetobacter
1310739.3,Acinetobacter
1310570.3,Acinetobacter
1310567.3,Acinetobacter
1310583.3,Acinetobacter
1310585.3,Acinetobacter
1310749.3,Acinetobacter
1310771.3,Acinetobacter
1310725.3,Acinetobacter
1310750.3,Acinetobacter
1310825.3,Acinetobacter
1310596.3,Acinetobacter
1149135.4,Acinetobacter
1310747.3,Acinetobacter
1310657.3,Acinetobacter
470.15477,Acinetobacter
470.15476,Acinetobacter
470.16294,Acinetobacter
470.17947,Acinetobacter
1310659.3,Acinetobacter
1310648.4,Acinetobacter
470.16313,Acinetobacter
1310802.3,Acinetobacter
1310780.3,Acinetobacter
1310598.4,Acinetobacter
1306024.3,Acinetobacter
1310772.3,Acinetobacter
1310656.3,Acinetobacter
1310644.3,Acinetobacter
470.16312,Acinetobacter
470.18553,Acinetobacter
470.18552,Acinetobacter
1310782.3,Acinetobacter
1310731.3,Acinetobacter
1310790.3,Acinetobacter
1310618.3,Acinetobacter
470.18554,Acinetobacter
470.18546,Acinetobacter
470.18555,Acinetobacter
470.18557,Acinetobacter
1310742.3,Acinetobacter
470.18556,Acinetobacter
470.18547,Acinetobacter
470.18549,Acinetobacter
1310733.4,Acinetobacter
1310826.3,Acinetobacter
470.18548,Acinetobacter
1310624.3,Acinetobacter
470.18551,Acinetobacter
470.18542,Acinetobacter
470.18544,Acinetobacter
1310730.3,Acinetobacter
470.18545,Acinetobacter
1310818.3,Acinetobacter
470.18543,Acinetobacter
470.18536,Acinetobacter
470.18539,Acinetobacter
1310774.3,Acinetobacter
1310767.3,Acinetobacter
1310744.3,Acinetobacter
470.18533,Acinetobacter
1310680.3,Acinetobacter
1310724.3,Acinetobacter
1310728.3,Acinetobacter
1310597.3,Acinetobacter
470.18535,Acinetobacter
1310827.3,Acinetobacter
1310777.3,Acinetobacter
1310824.3,Acinetobacter
1310743.3,Acinetobacter
1310758.3,Acinetobacter
470.18538,Acinetobacter
1310628.3,Acinetobacter
1310737.3,Acinetobacter
1310732.3,Acinetobacter
1310829.3,Acinetobacter
1310769.3,Acinetobacter
1310655.3,Acinetobacter
470.18534,Acinetobacter
470.16317,Acinetobacter
1310795.3,Acinetobacter
1310627.3,Acinetobacter
1310746.3,Acinetobacter
1310709.3,Acinetobacter
470.18537,Acinetobacter
1310600.3,Acinetobacter
1310609.3,Acinetobacter
470.18532,Acinetobacter
470.15997,Acinetobacter
1310654.3,Acinetobacter
1310752.3,Acinetobacter
1310620.3,Acinetobacter
1310765.3,Acinetobacter
1310756.3,Acinetobacter
1310603.3,Acinetobacter
1310608.3,Acinetobacter
1310770.3,Acinetobacter
1310613.3,Acinetobacter
1310753.3,Acinetobacter
1310580.3,Acinetobacter
1310606.3,Acinetobacter
470.15696,Acinetobacter
470.16295,Acinetobacter
470.16296,Acinetobacter
470.17113,Acinetobacter
470.18524,Acinetobacter
470.18528,Acinetobacter
470.15995,Acinetobacter
470.18529,Acinetobacter
470.18525,Acinetobacter
470.18531,Acinetobacter
470.18526,Acinetobacter
470.15999,Acinetobacter
470.18541,Acinetobacter
470.18527,Acinetobacter
470.18565,Acinetobacter
470.18523,Acinetobacter
1310629.3,Acinetobacter
1310558.3,Acinetobacter
1310762.3,Acinetobacter
1310775.3,Acinetobacter
470.18522,Acinetobacter
1310615.3,Acinetobacter
1310614.3,Acinetobacter
1310768.3,Acinetobacter
470.15689,Acinetobacter
470.15731,Acinetobacter
470.15699,Acinetobacter
470.15697,Acinetobacter
470.15688,Acinetobacter
470.15994,Acinetobacter
1310796.3,Acinetobacter
1310760.3,Acinetobacter
1310617.3,Acinetobacter
1310706.3,Acinetobacter
1310776.3,Acinetobacter
1310703.3,Acinetobacter
1310619.3,Acinetobacter
1310798.3,Acinetobacter
1310779.3,Acinetobacter
1310805.3,Acinetobacter
1310797.3,Acinetobacter
1310636.3,Acinetobacter
1310638.3,Acinetobacter
1310641.3,Acinetobacter
1310663.3,Acinetobacter
1310688.3,Acinetobacter
1310642.3,Acinetobacter
1310789.3,Acinetobacter
1310717.3,Acinetobacter
470.16314,Acinetobacter
1310647.3,Acinetobacter
1310645.3,Acinetobacter
1310646.3,Acinetobacter
470.15993,Acinetobacter
1310623.3,Acinetobacter
1310649.3,Acinetobacter
1310713.3,Acinetobacter
1310652.3,Acinetobacter
1310718.3,Acinetobacter
1310716.3,Acinetobacter
1310807.3,Acinetobacter
1310799.3,Acinetobacter
1310673.3,Acinetobacter
470.15732,Acinetobacter
470.15727,Acinetobacter
470.17951,Acinetobacter
1310806.3,Acinetobacter
1310665.3,Acinetobacter
1310675.3,Acinetobacter
1310721.3,Acinetobacter
1310809.3,Acinetobacter
1310681.3,Acinetobacter
1310674.3,Acinetobacter
1310812.3,Acinetobacter
1310666.3,Acinetobacter
1310679.3,Acinetobacter
1310723.3,Acinetobacter
1310683.3,Acinetobacter
1310816.3,Acinetobacter
1310699.3,Acinetobacter
1310689.3,Acinetobacter
1310631.3,Acinetobacter
1310696.88,Acinetobacter
1310698.3,Acinetobacter
1310700.3,Acinetobacter
470.15687,Acinetobacter
470.15695,Acinetobacter
470.15694,Acinetobacter
470.15693,Acinetobacter
470.15691,Acinetobacter
1351817.3,Acinetobacter
470.18846,Acinetobacter
470.15826,Acinetobacter
1311098.3,Acinetobacter
1311107.3,Acinetobacter
1311099.3,Acinetobacter
1311100.3,Acinetobacter
1311101.3,Acinetobacter
1311103.3,Acinetobacter
1311105.3,Acinetobacter
1311106.3,Acinetobacter
470.18843,Acinetobacter
470.16315,Acinetobacter
470.18842,Acinetobacter
470.18839,Acinetobacter
470.15669,Acinetobacter
470.15692,Acinetobacter
470.1573,Acinetobacter
470.1569,Acinetobacter
470.15728,Acinetobacter
470.17957,Acinetobacter
470.15952,Acinetobacter
470.15962,Acinetobacter
470.15966,Acinetobacter
470.15965,Acinetobacter
470.15982,Acinetobacter
470.15957,Acinetobacter
470.15953,Acinetobacter
470.15951,Acinetobacter
470.15967,Acinetobacter
470.15964,Acinetobacter
470.15955,Acinetobacter
470.15949,Acinetobacter
470.15956,Acinetobacter
470.15958,Acinetobacter
470.15954,Acinetobacter
470.15948,Acinetobacter
470.15963,Acinetobacter
470.15961,Acinetobacter
470.15981,Acinetobacter
470.15959,Acinetobacter
470.15903,Acinetobacter
470.15902,Acinetobacter
470.15893,Acinetobacter
470.15892,Acinetobacter
470.15968,Acinetobacter
470.15901,Acinetobacter
470.15916,Acinetobacter
470.15899,Acinetobacter
470.15898,Acinetobacter
470.15896,Acinetobacter
470.15894,Acinetobacter
470.15897,Acinetobacter
470.15969,Acinetobacter
470.15888,Acinetobacter
470.15887,Acinetobacter
470.18841,Acinetobacter
470.17112,Acinetobacter
470.18836,Acinetobacter
470.18838,Acinetobacter
470.18837,Acinetobacter
1310556.3,Acinetobacter
470.18834,Acinetobacter
470.17111,Acinetobacter
470.18285,Acinetobacter
470.18283,Acinetobacter
470.15729,Acinetobacter
470.15665,Acinetobacter
470.15719,Acinetobacter
470.15682,Acinetobacter
470.15673,Acinetobacter
470.15674,Acinetobacter
470.15671,Acinetobacter
470.15721,Acinetobacter
470.15666,Acinetobacter
470.15672,Acinetobacter
470.15667,Acinetobacter
470.1567,Acinetobacter
470.1572,Acinetobacter
470.15715,Acinetobacter
470.15736,Acinetobacter
470.1566,Acinetobacter
470.15668,Acinetobacter
470.15662,Acinetobacter
470.15663,Acinetobacter
470.15664,Acinetobacter
470.15711,Acinetobacter
470.15717,Acinetobacter
470.15718,Acinetobacter
470.18816,Acinetobacter
470.18818,Acinetobacter
470.18817,Acinetobacter
470.15914,Acinetobacter
470.15909,Acinetobacter
470.15895,Acinetobacter
470.15891,Acinetobacter
470.15889,Acinetobacter
470.15907,Acinetobacter
470.15912,Acinetobacter
470.15915,Acinetobacter
470.15908,Acinetobacter
470.15975,Acinetobacter
470.15921,Acinetobacter
470.15917,Acinetobacter
470.15974,Acinetobacter
470.15971,Acinetobacter
470.17109,Acinetobacter
470.18835,Acinetobacter
470.18832,Acinetobacter
470.16316,Acinetobacter
470.15987,Acinetobacter
470.18831,Acinetobacter
470.16318,Acinetobacter
470.15988,Acinetobacter
1310573.3,Acinetobacter
470.18829,Acinetobacter
470.18827,Acinetobacter
470.16319,Acinetobacter
470.18833,Acinetobacter
470.18828,Acinetobacter
470.1571,Acinetobacter
470.15713,Acinetobacter
470.15708,Acinetobacter
470.15661,Acinetobacter
470.15714,Acinetobacter
470.15712,Acinetobacter
470.15733,Acinetobacter
470.15723,Acinetobacter
470.15709,Acinetobacter
470.15707,Acinetobacter
470.15735,Acinetobacter
470.16297,Acinetobacter
470.15905,Acinetobacter
470.15904,Acinetobacter
470.15918,Acinetobacter
470.15943,Acinetobacter
470.15919,Acinetobacter
470.15913,Acinetobacter
470.15911,Acinetobacter
470.15973,Acinetobacter
470.15947,Acinetobacter
470.15906,Acinetobacter
470.15972,Acinetobacter
470.15933,Acinetobacter
470.15941,Acinetobacter
470.15938,Acinetobacter
470.15934,Acinetobacter
470.15936,Acinetobacter
470.15946,Acinetobacter
470.15945,Acinetobacter
470.18826,Acinetobacter
470.15944,Acinetobacter
470.15942,Acinetobacter
470.15939,Acinetobacter
470.15935,Acinetobacter
470.15923,Acinetobacter
470.15928,Acinetobacter
470.15937,Acinetobacter
470.15932,Acinetobacter
470.15929,Acinetobacter
470.15979,Acinetobacter
470.15927,Acinetobacter
470.15978,Acinetobacter
470.15931,Acinetobacter
470.18825,Acinetobacter
470.18824,Acinetobacter
470.18821,Acinetobacter
470.593,Acinetobacter
470.15706,Acinetobacter
470.15705,Acinetobacter
470.15675,Acinetobacter
470.15684,Acinetobacter
470.15678,Acinetobacter
470.15734,Acinetobacter
470.15686,Acinetobacter
470.15676,Acinetobacter
470.15698,Acinetobacter
470.15681,Acinetobacter
470.15724,Acinetobacter
470.15679,Acinetobacter
470.15677,Acinetobacter
470.1568,Acinetobacter
470.15722,Acinetobacter
470.15685,Acinetobacter
470.15725,Acinetobacter
470.15683,Acinetobacter
470.15726,Acinetobacter
470.17948,Acinetobacter
470.576,Acinetobacter
470.575,Acinetobacter
470.577,Acinetobacter
470.578,Acinetobacter
470.589,Acinetobacter
470.559,Acinetobacter
470.573,Acinetobacter
470.604,Acinetobacter
470.574,Acinetobacter
470.591,Acinetobacter
470.592,Acinetobacter
470.594,Acinetobacter
470.595,Acinetobacter
470.579,Acinetobacter
470.596,Acinetobacter
470.597,Acinetobacter
470.585,Acinetobacter
470.584,Acinetobacter
470.581,Acinetobacter
470.598,Acinetobacter
470.587,Acinetobacter
470.601,Acinetobacter
470.602,Acinetobacter
470.603,Acinetobacter
470.15976,Acinetobacter
470.15977,Acinetobacter
470.15922,Acinetobacter
470.15925,Acinetobacter
470.15926,Acinetobacter
470.15924,Acinetobacter
470.17319,Acinetobacter
470.18822,Acinetobacter
470.18917,Acinetobacter
470.18918,Acinetobacter
470.18919,Acinetobacter
470.18807,Acinetobacter
470.18915,Acinetobacter
470.18916,Acinetobacter
470.18823,Acinetobacter
470.18819,Acinetobacter
470.18815,Acinetobacter
470.18814,Acinetobacter
470.16321,Acinetobacter
470.15701,Acinetobacter
470.15656,Acinetobacter
470.15704,Acinetobacter
470.15658,Acinetobacter
470.15703,Acinetobacter
470.15702,Acinetobacter
470.15657,Acinetobacter
470.16298,Acinetobacter
1310697.3,Acinetobacter
470.16322,Acinetobacter
1310763.3,Acinetobacter
1310783.3,Acinetobacter
1310734.3,Acinetobacter
1310626.3,Acinetobacter
470.15655,Acinetobacter
470.17958,Acinetobacter
470.16323,Acinetobacter
1310788.3,Acinetobacter
470.16324,Acinetobacter
1310584.3,Acinetobacter
1310651.3,Acinetobacter
470.16325,Acinetobacter
1310694.3,Acinetobacter
1310736.3,Acinetobacter
470.16326,Acinetobacter
470.16327,Acinetobacter
1310729.3,Acinetobacter
470.16328,Acinetobacter
470.17954,Acinetobacter
470.16329,Acinetobacter
1310854.3,Acinetobacter
1310846.3,Acinetobacter
1310848.3,Acinetobacter
1310850.3,Acinetobacter
1310851.3,Acinetobacter
1310852.3,Acinetobacter
1310855.3,Acinetobacter
1310864.3,Acinetobacter
1310857.3,Acinetobacter
1310858.3,Acinetobacter
1310859.3,Acinetobacter
1310860.3,Acinetobacter
1310861.3,Acinetobacter
1310862.3,Acinetobacter
1310863.3,Acinetobacter
1310835.3,Acinetobacter
1310844.3,Acinetobacter
1310836.3,Acinetobacter
1310837.3,Acinetobacter
1310838.5,Acinetobacter
1310839.3,Acinetobacter
1310840.3,Acinetobacter
1310841.3,Acinetobacter
1310842.3,Acinetobacter
1310843.3,Acinetobacter
1310945.3,Acinetobacter
1310954.3,Acinetobacter
1310948.3,Acinetobacter
1310949.3,Acinetobacter
1310951.3,Acinetobacter
1310953.3,Acinetobacter
470.17956,Acinetobacter
1310875.3,Acinetobacter
1310884.3,Acinetobacter
1310877.3,Acinetobacter
1310878.3,Acinetobacter
1310879.3,Acinetobacter
1310880.3,Acinetobacter
1310881.3,Acinetobacter
1310882.3,Acinetobacter
1310865.3,Acinetobacter
1310866.3,Acinetobacter
1310867.3,Acinetobacter
1310868.3,Acinetobacter
1310869.3,Acinetobacter
1310870.3,Acinetobacter
1310872.3,Acinetobacter
1311118.3,Acinetobacter
1311122.3,Acinetobacter
1311124.3,Acinetobacter
1311126.3,Acinetobacter
1311015.3,Acinetobacter
1311024.3,Acinetobacter
1311016.3,Acinetobacter
1311017.3,Acinetobacter
1311018.3,Acinetobacter
1311019.3,Acinetobacter
1311020.3,Acinetobacter
1311022.3,Acinetobacter
1311023.3,Acinetobacter
1310955.3,Acinetobacter
1310964.3,Acinetobacter
1310956.3,Acinetobacter
1310961.3,Acinetobacter
1311108.3,Acinetobacter
1311117.3,Acinetobacter
1311109.3,Acinetobacter
1311110.3,Acinetobacter
1311111.3,Acinetobacter
1311112.3,Acinetobacter
1311113.3,Acinetobacter
1311114.3,Acinetobacter
1311115.3,Acinetobacter
1311116.3,Acinetobacter
470.16331,Acinetobacter
1311006.3,Acinetobacter
1311007.3,Acinetobacter
1311009.3,Acinetobacter
1311010.3,Acinetobacter
1311012.3,Acinetobacter
1311013.3,Acinetobacter
1310925.3,Acinetobacter
1310934.3,Acinetobacter
1310926.3,Acinetobacter
1310929.3,Acinetobacter
1310930.3,Acinetobacter
1310931.3,Acinetobacter
1310932.3,Acinetobacter
1310933.3,Acinetobacter
1310965.3,Acinetobacter
1310970.3,Acinetobacter
1310971.3,Acinetobacter
1310972.3,Acinetobacter
1310915.3,Acinetobacter
1310924.3,Acinetobacter
1310916.3,Acinetobacter
1310917.3,Acinetobacter
1310918.3,Acinetobacter
1310919.3,Acinetobacter
1310920.3,Acinetobacter
1310921.3,Acinetobacter
1310923.3,Acinetobacter
1311045.3,Acinetobacter
1311046.3,Acinetobacter
1311047.3,Acinetobacter
1310695.3,Acinetobacter
1310935.4,Acinetobacter
1310944.3,Acinetobacter
1310936.3,Acinetobacter
1310938.3,Acinetobacter
1310939.3,Acinetobacter
1310940.3,Acinetobacter
1310941.3,Acinetobacter
1310942.3,Acinetobacter
1310943.3,Acinetobacter
1310905.3,Acinetobacter
1310914.3,Acinetobacter
1310906.3,Acinetobacter
1310907.3,Acinetobacter
1310908.3,Acinetobacter
1310910.3,Acinetobacter
1310911.3,Acinetobacter
1310912.3,Acinetobacter
1310913.3,Acinetobacter
470.17952,Acinetobacter
470.17108,Acinetobacter
1311068.3,Acinetobacter
1311077.3,Acinetobacter
1311069.3,Acinetobacter
1311070.3,Acinetobacter
1311071.3,Acinetobacter
1311072.3,Acinetobacter
1311073.3,Acinetobacter
1311074.3,Acinetobacter
1311075.3,Acinetobacter
1311076.3,Acinetobacter
1310678.3,Acinetobacter
1310834.3,Acinetobacter
470.16332,Acinetobacter
470.16333,Acinetobacter
1310701.3,Acinetobacter
470.554,Acinetobacter
470.17953,Acinetobacter
1310639.3,Acinetobacter
1310738.3,Acinetobacter
470.16334,Acinetobacter
470.16335,Acinetobacter
1310781.3,Acinetobacter
470.16336,Acinetobacter
1306025.3,Acinetobacter
470.16299,Acinetobacter
470.17949,Acinetobacter
470.18121,Acinetobacter
470.16337,Acinetobacter
470.16338,Acinetobacter
470.16339,Acinetobacter
1310754.3,Acinetobacter
1308537.3,Acinetobacter
1310595.3,Acinetobacter
470.16341,Acinetobacter
470.16342,Acinetobacter
1310643.3,Acinetobacter
470.16291,Acinetobacter
470.16343,Acinetobacter
1310794.3,Acinetobacter
470.16344,Acinetobacter
470.17955,Acinetobacter
470.16345,Acinetobacter
1310707.3,Acinetobacter
1310820.3,Acinetobacter
470.17107,Acinetobacter
470.16346,Acinetobacter
470.16347,Acinetobacter
1310710.3,Acinetobacter
1310801.3,Acinetobacter
1310578.3,Acinetobacter
470.15985,Acinetobacter
470.555,Acinetobacter
470.16348,Acinetobacter
1310640.3,Acinetobacter
470.16349,Acinetobacter
1310581.3,Acinetobacter
1310605.3,Acinetobacter
470.16351,Acinetobacter
470.17106,Acinetobacter
470.17105,Acinetobacter
470.15996,Acinetobacter
470.18809,Acinetobacter
1310686.3,Acinetobacter
470.16301,Acinetobacter
1310616.3,Acinetobacter
470.16002,Acinetobacter
1311134.3,Acinetobacter
1311135.3,Acinetobacter
1311136.3,Acinetobacter
1311137.3,Acinetobacter
1311138.3,Acinetobacter
1310778.3,Acinetobacter
1310691.3,Acinetobacter
470.15986,Acinetobacter
1311048.3,Acinetobacter
1310676.3,Acinetobacter
1311078.3,Acinetobacter
1311087.3,Acinetobacter
1311079.3,Acinetobacter
1311080.3,Acinetobacter
1311081.3,Acinetobacter
1311082.3,Acinetobacter
1311083.3,Acinetobacter
1311084.3,Acinetobacter
1311085.3,Acinetobacter
1311086.3,Acinetobacter
1310985.3,Acinetobacter
1310986.3,Acinetobacter
1310988.3,Acinetobacter
1310989.3,Acinetobacter
1310990.3,Acinetobacter
1310991.3,Acinetobacter
1310992.3,Acinetobacter
1311035.3,Acinetobacter
1311044.3,Acinetobacter
1311036.3,Acinetobacter
1311037.3,Acinetobacter
1311038.3,Acinetobacter
1311039.3,Acinetobacter
1311040.3,Acinetobacter
1311041.3,Acinetobacter
1311042.3,Acinetobacter
1311043.3,Acinetobacter
1311027.3,Acinetobacter
1311028.3,Acinetobacter
1311029.3,Acinetobacter
1311031.3,Acinetobacter
1311032.3,Acinetobacter
1311033.3,Acinetobacter
1310975.3,Acinetobacter
1310984.3,Acinetobacter
1310976.3,Acinetobacter
1310977.3,Acinetobacter
1310978.3,Acinetobacter
1310979.3,Acinetobacter
1310980.3,Acinetobacter
1310981.3,Acinetobacter
1310982.3,Acinetobacter
1310983.3,Acinetobacter
1311067.3,Acinetobacter
1311065.3,Acinetobacter
1311066.3,Acinetobacter
1311004.3,Acinetobacter
1311003.3,Acinetobacter
1310885.3,Acinetobacter
1310894.3,Acinetobacter
1310886.3,Acinetobacter
1310887.3,Acinetobacter
1310888.3,Acinetobacter
1310889.3,Acinetobacter
1310890.3,Acinetobacter
1310892.3,Acinetobacter
1310893.3,Acinetobacter
1310904.3,Acinetobacter
1310897.3,Acinetobacter
1310898.3,Acinetobacter
1310899.3,Acinetobacter
1310900.3,Acinetobacter
1310901.3,Acinetobacter
1310902.3,Acinetobacter
1310903.3,Acinetobacter
1311141.3,Acinetobacter
1311142.3,Acinetobacter
1311143.3,Acinetobacter
1311144.3,Acinetobacter
1311145.3,Acinetobacter
1311128.3,Acinetobacter
1311131.3,Acinetobacter
1311088.3,Acinetobacter
1311097.3,Acinetobacter
1311089.3,Acinetobacter
1311090.3,Acinetobacter
1311091.3,Acinetobacter
1311092.3,Acinetobacter
1311093.3,Acinetobacter
1311095.3,Acinetobacter
1311096.3,Acinetobacter
470.17104,Acinetobacter
1310740.3,Acinetobacter
1310811.3,Acinetobacter
470.16302,Acinetobacter
470.16303,Acinetobacter
470.16305,Acinetobacter
1310785.3,Acinetobacter
1310611.3,Acinetobacter
470.17103,Acinetobacter
1310808.3,Acinetobacter
1310562.3,Acinetobacter
1310828.3,Acinetobacter
470.17102,Acinetobacter
1310634.3,Acinetobacter
1310720.3,Acinetobacter
1310601.3,Acinetobacter
1310745.3,Acinetobacter
1293574.3,Acinetobacter
470.16304,Acinetobacter
470.16307,Acinetobacter
1310625.3,Acinetobacter
1310662.3,Acinetobacter
470.15654,Acinetobacter
1310692.3,Acinetobacter
1310577.3,Acinetobacter
1216295.3,Acinetobacter
470.17942,Acinetobacter
1310786.3,Acinetobacter
1310672.3,Acinetobacter
470.17943,Acinetobacter
1310588.3,Acinetobacter
470.17944,Acinetobacter
1310560.3,Acinetobacter
470.17946,Acinetobacter
470.17945,Acinetobacter
470.17933,Acinetobacter
470.17932,Acinetobacter
470.17934,Acinetobacter
470.17941,Acinetobacter
470.17938,Acinetobacter
470.17939,Acinetobacter
470.17937,Acinetobacter
470.17936,Acinetobacter
470.17935,Acinetobacter
470.17924,Acinetobacter
470.17923,Acinetobacter
470.17926,Acinetobacter
470.17927,Acinetobacter
470.17928,Acinetobacter
470.17925,Acinetobacter
1310759.3,Acinetobacter
470.17921,Acinetobacter
470.17929,Acinetobacter
470.17931,Acinetobacter
470.17922,Acinetobacter
470.17911,Acinetobacter
470.17913,Acinetobacter
470.17918,Acinetobacter
470.17916,Acinetobacter
470.17919,Acinetobacter
470.17917,Acinetobacter
470.17915,Acinetobacter
470.17909,Acinetobacter
1310579.3,Acinetobacter
470.17914,Acinetobacter
470.17912,Acinetobacter
470.17908,Acinetobacter
470.16293,Acinetobacter
592014.3,Acinetobacter
525243.3,Acinetobacter
525242.3,Acinetobacter
1310719.3,Acinetobacter
470.17907,Acinetobacter
1310669.3,Acinetobacter
470.773,Acinetobacter
1310607.3,Acinetobacter
1310755.3,Acinetobacter
1310610.3,Acinetobacter
1310594.3,Acinetobacter
1310693.4,Acinetobacter
1310712.3,Acinetobacter
1310582.3,Acinetobacter
470.18116,Acinetobacter
1310575.3,Acinetobacter
1310705.3,Acinetobacter
470.16306,Acinetobacter
470.15998,Acinetobacter
1310787.3,Acinetobacter
1310813.3,Acinetobacter
1310711.3,Acinetobacter
470.15989,Acinetobacter
1310685.3,Acinetobacter
1310650.3,Acinetobacter
1310803.3,Acinetobacter
1310741.3,Acinetobacter
1310735.3,Acinetobacter
470.16308,Acinetobacter
1310791.3,Acinetobacter
1310668.3,Acinetobacter
1310757.3,Acinetobacter
1310815.3,Acinetobacter
1310677.3,Acinetobacter
1310599.3,Acinetobacter
470.15992,Acinetobacter
1310810.3,Acinetobacter
1310833.3,Acinetobacter
1310593.3,Acinetobacter
1310637.3,Acinetobacter
1310722.3,Acinetobacter
1310764.3,Acinetobacter
1310702.3,Acinetobacter
1310684.3,Acinetobacter
1310727.3,Acinetobacter
1310748.3,Acinetobacter
1310661.3,Acinetobacter
1310621.3,Acinetobacter
470.17114,Acinetobacter
1310773.3,Acinetobacter
1310761.3,Acinetobacter
470.16292,Acinetobacter
470.15991,Acinetobacter
1310670.3,Acinetobacter
1310568.3,Acinetobacter
470.16309,Acinetobacter
1310708.3,Acinetobacter
1310589.3,Acinetobacter
1310830.3,Acinetobacter
1310633.3,Acinetobacter
1310561.3,Acinetobacter
1310591.3,Acinetobacter
1310587.3,Acinetobacter
1310653.3,Acinetobacter
1310557.3,Acinetobacter
1310602.3,Acinetobacter
1310563.3,Acinetobacter
1310792.3,Acinetobacter
1310660.3,Acinetobacter
1310604.3,Acinetobacter
1310559.3,Acinetobacter
1310793.3,Acinetobacter
1310630.3,Acinetobacter
1310555.3,Acinetobacter
470.2143,Acinetobacter
470.2142,Acinetobacter
470.2425,Acinetobacter
470.2426,Acinetobacter
470.2427,Acinetobacter
470.2428,Acinetobacter
470.2429,Acinetobacter
470.2431,Acinetobacter
470.2432,Acinetobacter
470.2433,Acinetobacter
470.2435,Acinetobacter
470.2434,Acinetobacter
470.2155,Acinetobacter
470.2156,Acinetobacter
470.2157,Acinetobacter
470.2158,Acinetobacter
470.2159,Acinetobacter
470.2161,Acinetobacter
470.2162,Acinetobacter
470.2163,Acinetobacter
470.2436,Acinetobacter
470.2165,Acinetobacter
470.2166,Acinetobacter
470.775,Acinetobacter
470.18377,Acinetobacter
470.2167,Acinetobacter
470.2168,Acinetobacter
470.2437,Acinetobacter
470.17379,Acinetobacter
470.18393,Acinetobacter
470.18387,Acinetobacter
1388759.4,Acinetobacter
470.18395,Acinetobacter
470.17371,Acinetobacter
470.18341,Acinetobacter
470.556,Acinetobacter
470.18362,Acinetobacter
470.17384,Acinetobacter
470.17374,Acinetobacter
470.1737,Acinetobacter
470.17382,Acinetobacter
470.17383,Acinetobacter
470.17381,Acinetobacter
470.1738,Acinetobacter
470.18352,Acinetobacter
470.18386,Acinetobacter
470.18375,Acinetobacter
470.18374,Acinetobacter
470.17376,Acinetobacter
470.17375,Acinetobacter
470.18372,Acinetobacter
470.18373,Acinetobacter
470.18394,Acinetobacter
470.18385,Acinetobacter
470.18338,Acinetobacter
470.18368,Acinetobacter
470.18392,Acinetobacter
470.18363,Acinetobacter
470.18389,Acinetobacter
470.553,Acinetobacter
470.18371,Acinetobacter
470.18381,Acinetobacter
470.18379,Acinetobacter
470.18388,Acinetobacter
470.18337,Acinetobacter
470.18367,Acinetobacter
1082934.5,Acinetobacter
470.18336,Acinetobacter
470.18365,Acinetobacter
470.18366,Acinetobacter
470.18369,Acinetobacter
470.18357,Acinetobacter
470.18359,Acinetobacter
470.18376,Acinetobacter
470.18358,Acinetobacter
470.18391,Acinetobacter
470.18284,Acinetobacter
470.18282,Acinetobacter
470.17372,Acinetobacter
470.18384,Acinetobacter
470.17287,Acinetobacter
470.17378,Acinetobacter
470.18382,Acinetobacter
470.18383,Acinetobacter
470.17377,Acinetobacter
470.18378,Acinetobacter
470.17373,Acinetobacter
1346792.4,Acinetobacter
1346793.4,Acinetobacter
470.18325,Acinetobacter
470.18324,Acinetobacter
480119.5,Acinetobacter
480119.18,Acinetobacter
470.15524,Acinetobacter
1413216.3,Acinetobacter
470.15525,Acinetobacter
470.4541,Acinetobacter
470.17296,Acinetobacter
470.18251,Acinetobacter
470.17289,Acinetobacter
470.18252,Acinetobacter
470.18921,Acinetobacter
470.2017,Acinetobacter
470.15877,Acinetobacter
470.18242,Acinetobacter
470.18858,Acinetobacter
470.15876,Acinetobacter
470.15825,Acinetobacter
470.18856,Acinetobacter
470.15528,Acinetobacter
470.18857,Acinetobacter
470.18243,Acinetobacter
470.16162,Acinetobacter
470.15526,Acinetobacter
470.2012,Acinetobacter
470.18853,Acinetobacter
470.18239,Acinetobacter
470.18255,Acinetobacter
470.2011,Acinetobacter
470.16151,Acinetobacter
470.15816,Acinetobacter
470.16144,Acinetobacter
470.18851,Acinetobacter
470.16145,Acinetobacter
470.16143,Acinetobacter
470.16146,Acinetobacter
470.16142,Acinetobacter
470.16141,Acinetobacter
470.18852,Acinetobacter
470.15817,Acinetobacter
470.16138,Acinetobacter
470.18237,Acinetobacter
470.16137,Acinetobacter
470.16183,Acinetobacter
470.16182,Acinetobacter
470.16181,Acinetobacter
470.16178,Acinetobacter
470.16179,Acinetobacter
470.18241,Acinetobacter
470.18254,Acinetobacter
470.16176,Acinetobacter
470.16177,Acinetobacter
1222031.3,Acinetobacter
470.17295,Acinetobacter
470.18808,Acinetobacter
470.18238,Acinetobacter
470.16163,Acinetobacter
470.18236,Acinetobacter
470.2016,Acinetobacter
470.15818,Acinetobacter
470.16158,Acinetobacter
470.2009,Acinetobacter
470.16175,Acinetobacter
470.16174,Acinetobacter
470.16172,Acinetobacter
470.16173,Acinetobacter
470.16171,Acinetobacter
470.16169,Acinetobacter
470.16167,Acinetobacter
470.16166,Acinetobacter
470.16168,Acinetobacter
470.16164,Acinetobacter
470.15523,Acinetobacter
470.16165,Acinetobacter
470.18232,Acinetobacter
470.16157,Acinetobacter
470.16155,Acinetobacter
470.16152,Acinetobacter
470.18847,Acinetobacter
470.16135,Acinetobacter
470.18234,Acinetobacter
